1016365,孙惠刚,,,,12,
1016365,国泰基金管理有限公司,,,,12,
1016365,华宝信托有限责任公司,,,,12,
1016365,兴业证券-兴业银行-兴业证券鑫享天成定增6号集合资产管理计划,,,,12,
1016365,上海丹晟投资管理合伙企业（有限合伙）,,,,12,
1016365,万家共赢资产管理有限公司万家共赢梧桐树资产管理计划,,,,12,
1016948,中国人寿资产管理有限公司,,,1267000022.40,,
1016948,工银瑞信基金管理有限公司,,,1179999996.00,,
1016948,财通基金管理有限公司,,,940999999.80,,
1016948,上海浦东科技投资有限公司,,,849999998.40,,
1016948,长盛基金管理有限公司,,,849999998.40,,
1016948,新华人寿保险股份有限公司（团体分红）,,,847999996.20,,
1016948,太平洋资产管理有限责任公司,,,847999996.20,,
1016948,大连造船厂集团有限公司,,,847999996.20,,
1016948,武昌造船厂集团有限公司,,,847999996.20,,
1029925,中南大学粉末冶金工程研究中心有限公司,,15564202,,36,
1029925,湖南湘投高科技创业投资有限公司,,15564202,,36,
1029925,金鹰基金管理有限公司,,10000000,,12,
1029925,广东温氏投资有限公司,,10000000,,12,
1029925,平安大华基金管理有限公司,,12500000,,12,
1029925,长城证券有限责任公司,,8300000,,12,
1029925,财通基金管理有限公司,,5892607,,12,
1030682,北京城建集团有限责任公司,,,,12 个月,
1030682,王波,,,,12 个月,
1034954,中国电力投资集团公司,,,79999.98,,
1036863,上海虢实投资合伙企业（有限合伙）,,,,12个月,
1036863,海通资产管理――上海银行――海通海富7号集合资产管理计划,,,,12个月,
1036863,金鹰基金管理有限公司,,,,12个月,
1036863,西藏凤凰股权投资管理合伙企业（有限合伙）,,,,12个月,
1036863,宋文雷,,,,12个月,
1036863,顾学群,,,,12个月,
1040440,袁丰年,,,,,
1040440,廖翠猛,,,,,
1040440,杨文星,,,,,
1040440,谭志军,,,,,
1040440,龙和平,,,,,
1040440,范小兵,,,,,
1040440,刘爱民,,,,,
1040440,张德明,,,,,
1040440,邓应德,,,,,
1040440,王令纯,,,,,
1040440,欧阳爱辉,,,,,
1040440,张克明,,,,,
1040440,邓竹清,,,,,
1040440,马国辉,,,,,
1040440,廖景红,,,,,
1040440,王爱民,,,,,
1040440,汤长云,,,,,
1040440,陈述洪,,,,,
1040440,周武承,,,,,
1040440,姚震球,,,,,
1040440,程雪梅,,,,,
1040440,何金武,,,,,
1040440,郭武强,,,,,
1040440,王成和,,,,,
1040440,邓小林,,,,,
1040440,陶 璨,,,,,
1040440,陈星霏,,,,,
1040440,杨震宇,,,,,
1040440,邓毛菊,,,,,
1040440,邓 锋,,,,,
1040440,伍雄辉,,,,,
1040440,武小金,,,,,
1040440,黄 磊,,,,,
1040440,周坤炉,,,,,
1040440,康自立,,,,,
1040440,王健美,,,,,
1040440,陈南祥,,,,,
1040440,沈 泓,,,,,
1040440,杨理萍,,,,,
1040440,温术根,,,,,
1040440,唐振东,,,,,
1040440,黄大辉,,,,,
1040440,易图华,,,,,
1040440,刘文生,,,,,
1040440,曾孝春,,,,,
1040440,肖为一,,,,,
1040440,张 展,,,,,
1040440,长沙高新开发区涛海投资管理有限公司,,,,,
1040440,张秀宽,,,,,
1040440,戴 飞,,,,,
1040440,合肥绿宝种苗有限责任公司,,,,,
1040440,青志新,,,,,
1040440,陈遵东,,,,,
1040440,汤健良,,,,,
1040440,陈同明,,,,,
1040440,吕红辉,,,,,
1053403,天津开发区德源投资发展有限公司,,,,,
10601176,易方达基金管理有限公司,,,,2017年7月31日,
10601176,中信证券股份有限公司,,,,2017年7月31日,
10601176,汇添富基金管理股份有限公司,,,,2017年7月31日,
10601176,广东竣弘投资管理有限责任公司,,,,2017年7月31日,
10601176,北京益保伟业科技有限公司,,,,2017年7月31日,
10601176,财通基金管理有限公司,,,,2017年7月31日,
10601176,华夏基金管理有限公司,,,,,
10601176,兴证证券资产管理有限公司,,,,,
10601176,国泰基金管理有限公司,,,,,
10601176,泰康资产管理有限责任公司,,,,,
10601176,富国基金管理有限公司,,,,,
10601176,广发基金管理有限公司,,,,,
10601176,上海汽车集团股权投资有限公司,,,,,
10601176,申万菱信（上海）资产管理有限公司,,,,,
10601176,博时基金管理有限公司,,,,,
10601176,平安大华基金管理有限公司,,,,,
10601176,第一创业证券股份有限公司,,,,,
10601176,华安基金管理有限公司,,,,,
10601176,南方基金管理有限公司,,,,,
10601176,发行对象,,,,,
10601176,嘉实基金管理有限公司,,,,,
10601176,中车金证投资有限公司,,,,,
10601176,华泰柏瑞基金管理有限公司,,,,,
10601176,Cephei Capital Management(HongKong) Limited,,,,,
10601176,民生通惠资产管理有限公司,,,,,
10601176,诺安基金管理有限公司,,,,,
10601176,兴业全球基金管理有限公司,,,,,
10601176,国投瑞银基金管理有限公司,,,,,
10601176,华鑫证券有限责任公司,,,,,
10601176,天风证券股份有限公司,,,,,
10601176,招商财富资产管理有限公司,,,,,
10601176,太平洋证券股份有限公司,,,,,
10601176,新华资产管理股份有限公司,,,,,
10601176,东莞证券股份有限公司,,,,,
10601176,何慧清,,,,,
10601176,上海证大投资管理有限公司,,,,,
1060701,天弘基金管理有限公司,,,,12,
1060701,平安大华基金管理有限公司,,,,<rowspan>,
1074091,合众人寿保险股份有限公司,,300000,,12,
1074091,中国人寿资产管理有限公司,,300000,,12,
1074091,光大金控（上海）投资中心（有限合伙）,,300000,,12,
1074091,太平洋资产管理有限责任公司,,300000,,12,
1074091,薛云,,1000000,,12,
10786168,东旭集团有限公司,,,,36,
10786168,鹏华资产管理（深圳）有限公司,,,,12,
10786168,上海新东吴优胜资产管理有限公司,,,,12,
10786168,长信基金管理有限责任公司,,,,12,
10786168,前海开源基金管理有限公司,,,,12,
10786168,安信基金管理有限责任公司,,,,12,
10786168,海富通基金管理有限公司,,,,12,
10786168,泰达宏利基金管理有限公司,,,,12,
10786168,国泓资产管理有限公司,,,,12,
10786168,方正富邦基金管理有限公司,,,,12,
10796271,西藏融通众金投资有限公司,,,120000,,
10796271,前海开源定增22号资产管理计划,,,38000,,
10796271,西藏金梅花投资有限公司,,,30000,,
10796271,刘展成,,,20816.90,,
10796271,平潭融金核心壹号投资合伙企业（有限合伙）,,,16000,,
10796271,平潭融金核心叁号投资合伙企业（有限合伙）,,,14000,,
10796271,桐庐岩华投资管理合伙企业（有限合伙）,,,12000,,
10796271,深圳东源基石资本管理中心（有限合伙）,,,10000,,
10796271,西藏融金汇通投资有限公司,,,120000.00,,
10796271,北京融金核心壹号投资中心（有限合伙）,,,16000.00,,
10796271,北京融金核心叁号投资中心（有限合伙）,,,14000.00,,
1080262,国华人寿保险股份有限公司,,,,12个月,
1080262,民生加银基金管理有限公司,,,,12个月,
1080262,广州证券有限责任公司,,,,12个月,
1080262,南京瑞森投资管理合伙企业(有限合伙),,,,12个月,
1089604,国华人寿保险股份有限公司,,,,12,
1089604,广发基金管理有限公司,,,,12,
1089604,宝盈基金管理有限公司,,,,12,
1089604,民生加银基金管理有限公司,,,,12,
1089604,华安基金管理有限公司,,,,12,
1089604,中国银河证券股份有限公司,,,,12,
1089604,兴业全球基金管理有限公司,,,,12,
1089604,财通基金管理有限公司,,,,12,
1089604,江苏瑞华投资控股集团有限公司,,,,12,
1089604,吉富创业投资股份有限公司,,,,12,
1089604,无,,,,<null>,
1089604,认购对象,,,,<colspan>,
1094771,黑龙江省高速公路集团公司,,102678571,2.3,,
1095059,河南豫联能源集团有限责任公司,,,,36,
1103560,上海泽熙增煦投资中心（有限合伙）,,4980,,12,
1103560,财通基金管理有限公司,,3100,,12,
1103560,平安大华基金管理有限公司,,3100,,12,
1103560,凌祖群,,2800,,12,
1103560,韩玉ft,,1860,,12,
1103560,金鹰基金管理有限公司,,1760,,12,
1103560,合    计,,17600,,<null>,
1103560,合   计,,17600,,<null>,
1105120,财通基金管理有限公司,,37717682,253839999.86,12,
1105120,曹鲁江,,26451708,178019994.84,12,
1105120,太平资产管理有限公司,,23634472,159059996.56,12,
1105120,张郁,,20505200,137999996.00,12,
1105120,泰达宏利基金管理有限公司,,17530460,117979995.80,12,
1105120,平安大华基金管理有限公司,,17399732,117100196.36,12,
1105120,北京郁金香股权投资中心（有限合伙）,,17399703,117100001.19,12,
1105120,深圳市保腾丰利创业投资企业（有限合伙）,,13326867,89689814.91,12,
1105419,上海厚丰投资,,3000,23430,36,
1105419,上海鑫脉投资,,1500,11715,36,
1105419,孙宝良,,500,3905,36,
1105419,泰德佳予投资,,300,2343,36,
1105419,王富强,,200,1562,36,
1111422,新华都实业集团股份有限公司,,10927956,,2014年12月27日,
1111422,陈发树,,7285304,,2014年12月27日,
1111422,天津六禾碧云股权投资基金合伙企业（有限合伙）,,6300000,,2012年12月27日,
1111422,中海基金管理有限公司,,4013257,,2012年12月27日,
1111422,林宗杰,,4000000,,2012年12月27日,
1111422,上海国鑫投资发展有限公司,,3900000,,2012年12月27日,
1117153,张宇,,,,,
1117153,浙江浙商证券资产管理有限公司,,800,7200,,
1117153,张怀斌,,430,3870,,
1117153,合众人寿保险股份有限公司,,640,5760,,
1117153,南京瑞森投资管理合伙企业（有限合伙）,,700,6300,,
1117153,江苏坤隆贸易有限公司,,247.7777,2229.9993,,
1117153,东海基金管理有限责任公司,,430,3870,,
1117153,上海证大投资管理有限公司,,530,4770,,
1121298,晋西工业集团有限责任公司,,36413181,400544991,36,
1121298,易方达基金管理有限公司,,18180000,199980000,12,
1121298,上海诚鼎二期股权投资基金合伙企业（有限合伙）,,18081818,198899998,12,
1121298,工银瑞信基金管理有限公司,,17810454,195914994,12,
1121298,迪瑞资产管理（杭州）有限公司,,10454545,114999995,12,
1121298,北京瑞昌信达资本管理中心（有限合伙）,,9090000,99990000,12,
1121298,中国银河投资管理有限公司,,7242726,79669986,12,
1128611,晋正企业股份有限公司,,5422,,36,
1129080,珠海德豪电器有限公司,,,,36 个月,
1129080,芜湖经开区光电产业投资发展有限公司,,,,36 个月,
1129080,芜湖市龙窝湖建设开发有限公司,,,,36 个月,
1129080,芜湖远大创业投资有限公司,,,,36 个月,
1132394,中新建,,43785087,299489995.08,,
1132394,兵团国资公司,,7188596,49169996.64,,
1135551,广州医药集团有限公司,,,,36,
1142525,嘉实基金管理有限公司,,,,12 个月,
1142525,华夏基金管理有限公司,,,,12 个月,
1142525,上海天迪科技投资发展有限公司,,,,12 个月,
1142525,梅强,,,,12 个月,
1142525,张传义,,,,12 个月,
1142525,易方达基金管理有限公司,,,,12 个月,
1147548,财通基金管理有限公司,,13178807,99499992.85,12,
1147548,华宝信托有限责任公司,,11920529,89999993.95,12,
1147548,招商证券股份有限公司,,30463576,229999998.80,12,
1147548,金元惠理基金管理有限公司,,17589403,132799992.65,12,
1147548,东吴基金管理有限公司,,30198675,227999996.25,12,
1147548,国联安基金管理有限公司,,13456092,101593494.60,12,
1147548,王建成,,1073712,8106525.60,12,
1147795,博时基金管理有限公司,,,,12,
1147795,华宝投资有限公司,,,,12,
1147795,华宝信托有限责任公司,,,,12,
1147795,常州投资集团有限公司,,,,12,
1147795,彭裕锋,,,,12,
1147795,上海天迪科技投资发展有限公司,,,,12,
1147795,江苏瑞华投资发展有限公司,,,,12,
1148163,武汉工业国有投资有限公司,,,,12,
1148163,易方达基金管理有限公司――全国社保基金五零二组合,,,,12,
1148163,天津信托有限责任公司,,,,12,
1148163,谈龙彬,,,,12,
1148163,天津凯石益利股权投资基金合伙企业（有限合伙）,,,,12,
1148163,安康（天津）股权投资基金合伙企业（有限合伙）,,,,12,
1148163,安信证券-光大-安信理财 2 号积极配置集合资产管理计划,,,,12,
1148163,江苏开元国际集团轻工业品进出口股份有限公司,,,,12,
1149309,江苏瑞华投资发展有限公司,,1300,,12个月,
1149309,天平汽车保险股份有限公司,,1000,,12个月,
1149309,上海证大投资管理有限公司,,1000,,12个月,
1149309,兴业全球基金管理有限公司,,2000,,12个月,
1149309,嘉实基金管理有限公司,,1980,,12个月,
1151951,上海同济资产经营有限公司（以下简称“同济资产”）,,20891364,,36个月,
1151951,无锡市国联发展（集团）有限公司,,20891364,,12个月,
1151951,江苏瑞华投资发展有限公司,,11381619,,12个月,
1151951,常州投资集团有限公司,,8523676,,12个月,
1151951,岑海霞,,7311977,,12个月,
1151951,同济资产,,20891364,,36个月,
1163402,新和成控股集团有限公司,,300,11415.00,,
1163402,比尔及梅林达―盖茨基金会,,300,11415.00,,
1163402,江苏开元国际集团轻工业品进出口股份有限公司,,440,16742.00,,
1163402,江苏亨通投资控股有限公司,,360,13698.00,,
1163402,中国银河投资管理有限公司,,300,11415.00,,
1163402,兴业全球基金管理有限公司,,300,11415.00,,
1163402,中国人寿资产管理有限公司,,500,19025.00,,
1163402,南昌市政公用投资控股有限责任公司,,300,11415.00,,
1163402,浙江英维特投资有限公司,,222,8447.10,,
1163676,昆明盛世景投资中心（有限合伙）,,,,12 个月,
1163676,深圳市中信联合创业投资有限公司,,,,12 个月,
1163676,中国对外经济贸易信托有限公司,,,,12 个月,
1163676,佳木斯兴盛资本投资有限公司,,,,12 个月,
1163676,中海基金管理有限公司,,,,12 个月,
1163676,嘉兴鼎峰优选股权投资中心（有限合伙）,,,,12 个月,
1171214,嘉兴鼎峰优选股权投资中心(有限合伙),,7354651,126499997.20,12,
1171214,兴业全球基金管理有限公司,,6238372,107299998.40,12,
1171214,江苏瑞华投资发展有限公司,,6133720,105499984.00,12,
1171214,国华人寿保险股份有限公司,,6104651,104999997.20,12,
1171214,太平资产管理有限公司,,6046511,103999989.20,12,
1171214,芜湖润瑞投资管理有限公司,,6044186,103959999.20,12,
1171214,上海蛙乐特投资管理合伙企业(有限合伙),,5982558,102899997.60,12,
1171214,深圳市保腾丰利创业投资企业(有限合伙),,5933720,102059984.00,12,
1171214,郭伟松,,5930232,101999990.40,12,
1171214,中信证券股份有限公司,,3533724,60780052.80,12,
1183372,平安大华基金管理有限公司,,1910,,,
1183372,财通基金管理有限公司,,180,,,
1183372,发行对象名称,,配售股数（万股）,,,
1183372,宏源期货有限公司,,960,,,
1183372,国投瑞银基金管理有限公司,,280,,,
1183372,中海基金管理有限公司,,370,,,
12020070,嘉华东方控股（集团）有限公司,,,,36个月,
12020070,富诚海富通-福瑞通达1号专项资产管理计划,,,,36个月,
12032670,财通基金管理有限公司,,,,12,
12032670,嘉实基金管理有限公司,,,,12,
12032670,东海基金管理有限责任公司,,,,12,
12032670,宝盈基金管理有限公司,,,,12,
12032670,广发基金管理有限公司,,,,12,
12041133,中信证券-瑞普生物投资 1 号定向资产管理计划,,4790884,7148,36,
12041133,李守军,,5361930,8000,36,
12041133,梁武,,1340482,2000,36,
12041133,上海道杰席胜投资中心（有限合伙）,,3351206,5000,36,
12041133,梁昭平,,502680,750,36,
12056844,金元顺安基金管理有限公司,,21619047,,,
12056844,甘肃资产管理有限公司,,5523809,,,
12056844,农银汇理（上海）资产管理有限公司,,5476190,,,
12056844,鹏华资产管理（深圳）有限公司,,5380952,,,
12056844,长城国融投资管理有限公司,,7190476,,,
12056844,发行对象,,认购数量（股）,,,
12056844,安徽中安资本投资基金有限公司,,6190476,,,
12056844,安徽省铁路建设投资基金有限公司,,2302383,,,
12057548,广州医药集团有限公司,,148338467,3494854282.52,36,
12057548,广州国资发展控股有限公司,,87976539,2072727258.84,36,
12057548,广州国寿城市发展产业投资企业（有限合伙）,,73313783,1727272727.48,36,
12057548,上海云锋新创股权投资中心（有限合伙）,,21222410,499999979.60,36,
12057548,添富-定增盛世专户66号资产管理计划,,3860500,90953380.00,36,
12057548,发行对象,,认购股份数量（股）,认购金额（元）,限售期,
12057604,广州医药集团有限公司,,148338467,3494854282.52,,
12057604,广州国资发展控股有限公司,,87976539,2072727258.84,,
12057604,广州国寿城市发展产业投资企业（有限合伙）,,73313783,1727272727.48,,
12057604,上海云锋新创股权投资中心（有限合伙）,,21222410,499999979.60,,
12057604,添富-定增盛世专户66号资产管理计划,,3860500,90953380.00,,
12064417,建信基金,,,不超过81000,,
12064417,瑞丰资产,,,不超过60000,,
12064499,康哲医药,,,100000.00,,
12064499,国金香港,,,7185.10,,
12064499,葛卫东,,,15807.21,,
12064499,屈向军,,,7185.10,,
12064499,张勇,,,3592.55,,
12064499,上海混沌道然资产管理有限公司,,,2155.53,,
1206972,中国保利集团公司,,,,36,
1206972,南方基金管理有限公司,,,,12,
1206972,刘益谦,,,,12,
1206972,方德基,,,,12,
1206972,国信证券股份有限公司,,,,12,
1206972,博时基金管理有限公司,,,,12,
1206972,朱前记,,,,12,
1206972,百年化妆护理品有限公司,,,,12,
1208517,中国银河投资管理有限公司,,,,12,
1208517,北京淳信资本管理有限公司,,,,12,
1208517,上海世讯会展服务有限公司,,,,12,
1208517,金小红,,,,12,
1208517,南方基金管理有限公司,,,,12,
1208517,其中：南方盛元红利股票型证券投资基金,,,,12,
1208517,天元证券投资基金,,,,12,
1208517,全国社保101组合,,,,12,
1208517,盛丰投资管理有限公司,,,,12,
1208517,上海证券有限责任公司,,,,12,
1208517,无锡市新宝联投资有限公司,,,,12,
1219029,上海克米列投资管理合伙企业（有限合伙）,,,,12 个月,
1219029,上海涌玖股权投资有限公司,,,,12 个月,
1219029,中国银河投资管理有限公司,,,,12 个月,
1219029,江苏开元股份有限公司,,,,12 个月,
1219029,平安证券有限责任公司,,,,12 个月,
1219029,天兆欣（天津）股权投资基金合伙企业（有限合伙）,,,,12 个月,
1219029,江苏瑞华投资发展有限公司,,,,12 个月,
1219029,丁敏芳,,,,12 个月,
1220583,方正东亚信托有限责任公司,,1000,,12个月,
1220583,四川信托有限公司,,1530,,12个月,
1220583,博弘数君（天津）股权投资基金合伙企业（有限合伙）,,710,,12个月,
1220583,易方达基金管理有限公司,,1050,,12个月,
1220583,安徽金牛投资集团有限公司,,700,,12个月,
1224115,中广核财务有限责任公司,,,,12,
1224115,泰信基金管理有限公司,,,,12,
1224115,昆明盈鑫叁玖投资中心（有限合伙）,,,,12,
1224115,太平资产管理有限公司,,,,12,
1224115,长城证券有限责任公司,,,,12,
1224115,浙江天堂硅谷长睿股权投资合伙企业（有限合伙）,,,,12,
1224115,天迪创新（天津）资产管理合伙企业（有限合伙）,,,,12,
1224115,兴业全球基金管理有限公司,,,,12,
122554,浙江润成控股集团有限公司,,,,36,
122554,常州星河资本管理有限公司,,,,36,
122554,重庆拓洋投资有限公司,,,,36,
122554,义乌富鹏股权投资合伙企业（有限合伙）,,,,36,
1232969,金元证券股份有限公司,,,,,
1232969,华宝信托有限责任公司,,,,,
1232969,深圳市平安创新资本投资有限公司,,,,,
1232969,上海力利投资管理合伙企业（有限合伙）,,,,,
1232969,天津凯石益金股权投资基金合伙企业（有限合伙）,,,,,
1232969,雅戈尔集团股份有限公司,,,,,
1232969,国机财务有限责任公司,,,,,
1232969,中国华融资产管理公司,,,,,
1232969,泉州恒安世代创业投资有限公司,,,,,
1254398,易方达基金管理有限公司,,350,,12,
1254398,上海景贤投资有限公司,,250,,12,
1254398,雅戈尔集团股份有限公司,,400,,12,
1254398,广州化工集团有限公司,,400,,12,
1254398,方正证券股份有限公司,,280,,12,
1254398,中信证券股份有限公司,,260,,12,
1254398,济南北安投资有限公司,,195.1469,,12,
1260555,农六师国有资产经营有限责任公司,,43902439,41400,36个月,
1260555,新疆生产建设兵团投资有限责任公司,,5302226,5000,36个月,
1260555,上海天臻实业有限公司,,2000000,1886,12个月,
1260555,ft西证券股份有限公司,,2000000,1886,12个月,
1260555,宁波维创联合投资有限公司,,2000000,1886,12个月,
1260555,杭州麦田立家慧益创业投资有限公司,,2000000,1886,12个月,
1260555,邵军,,3000000,2829,12个月,
1260555,北京合盛众益投资有限责任公司,,2000000,1886,12个月,
1260555,周龙,,780000,735.54,12个月,
1261454,林逸香,,2561002,22280717.40,36,
1261454,夏振忠,,2134917,18573777.90,36,
1261454,曹丽君,,2012758,17510994.60,36,
1261454,郑玲娜,,774137,6734991.90,36,
1261454,李杜若,,13252874,115300003.80,12,
1261454,深圳市天中投资有限公司,,24983908,217359999.60,12,
1261454,新疆协和股权投资合伙企业（ 有限合伙）,,11595402,100879997.40,12,
1261454,盈富（天津）股权投资管理合伙企业（有限合伙）,,11662068,101459991.60,12,
1272076,上海凯石投资管理有限公司,,,,,
1272076,汇丰晋信基金管理有限公司,,,,,
1272076,广发基金管理有限公司,,,,,
1272076,嘉实基金管理有限公司,,,,,
1272076,中银基金管理有限公司,,,,,
1272076,易方达基金管理有限公司,,,,,
1315669,杭州士兰微电子股份有限公司,,,,,
1315669,杭州友旺电子有限公司,,,,,
1317609,中国建设银行-信达澳银领先增长股票型证券投资基金,,,,12 个月,
1317609,中国建设银行-信达澳银稳定价值债券型证券投资基金,,,,12 个月,
1317609,中国人民财产保险股份有限公司-传统-普通保险产品,,,,12 个月,
1317609,中国人民人寿保险股份有限公司-分红-个险分红,,,,12 个月,
1317609,中国人民人寿保险股份有限公司-万能-个险万能,,,,12 个月,
1317609,中信证券股份有限公司,,,,12 个月,
1317609,周明华,,,,12 个月,
1317609,百年化妆护理品有限公司,,,,12 个月,
1317609,沈汉标,,,,12 个月,
133471,广州金骏资产管理有限公司,,500,,2010年3月4日,
133471,上海金保利投资有限公司,,1100,,2010年3月4日,
133471,闻斌,,500,,2010年3月4日,
133471,南通投资管理有限公司,,500,,2010年3月4日,
133471,中海基金管理有限公司,,500,,2010年3月4日,
133471,嘉实基金管理有限公司,,1000,,2010年3月4日,
133471,雅戈尔投资有限公司,,900,,2010年3月4日,
1343980,瑞士银行（UBS AG）,,650,,12,
1343980,光大证券股份有限公司,,400,,12,
1343980,南京证券有限责任公司,,300,,12,
1343980,浙江德意投资有限公司,,135,,12,
1343980,煤化集团,,5628.2750,,36,
1343980,云维集团,,5399.6728,,36,
1349074,中国物资储运总公司,,7000.00,,36,
1349074,－,,7000.00,,36,
1349074,中储总公司,,7000.00,,,
1351501,红塔证券股份有限公司,,,,,
1351501,安徽恒生经济发展集团有限公司,,,,,
1351501,深圳市润鹏投资有限公司,,,,,
1351501,深圳市鑫泽园投资发展有限公司,,,,,
1351501,江苏瑞华投资发展有限公司,,,,,
1351501,杭州华索投资管理有限公司,,,,,
1351501,江苏开元国际集团轻工业品进出口股份有限公司,,,,,
1351501,东吴证券有限责任公司,,,,,
1353428,中国人寿资产管理有限公司,,900,,12个月,
1353428,华泰证券有限责任公司,,531.43,,12个月,
1353428,华安基金管理有限公司,,500,,12个月,
1368353,China,,4000 万股,,3 年,
1370293,云南省国有资产经营有限责任公司,,,,36,
1370293,南天电子信息产业集团公司,,,,36,
1370293,无锡市新宝联投资有限公司,,,,12,
1370293,上海德润投资有限公司,,,,12,
1370293,无锡华光锅炉股份有限公司,,,,12,
1370293,中国人保资产管理股份有限公司,,,,12,
1370293,海通证券股份有限公司,,,,12,
1370293,中邮创业基金管理有限公司,,,,12,
1370293,南方基金管理有限公司,,,,12,
1370293,上海瑞熹联实业有限公司,,,,12,
1370628,深圳市人民政府国有资产监督管理委员会,,1370,9932.5,36个月,
1370628,北京汇泉国际投资有限公司,,1000,7250,12个月,
1370628,深圳市晓扬科技投资有限公司,,1000,7250,12个月,
1370628,广西洁宝纸业投资股份有限公司,,1000,7250,12个月,
1370628,浙江天堂硅谷创业集团有限公司,,630,4567.5,12个月,
1370628,易方达基金管理有限公司,,500,3625,12个月,
1370628,成都怡丰投资有限公司,,500,3625,12个月,
1370628,深圳市宏泽万年投资有限公司,,500,3625,12个月,
1370628,浙江正清实业投资有限公司,,500,3625,12个月,
1375731,国泰基金管理有限公司,,,,,
1375731,成都国光电气股份有限公司,,,,,
1375731,成都仁道投资有限公司,,,,,
1375731,新理益集团有限公司,,,,,
1375731,江苏开元国际集团轻工业品进出口股份有限公司,,,,,
1375731,招商基金管理有限公司,,,,,
1375731,华源投资有限公司,,,,,
1375731,上投摩根基金管理有限公司,,,,,
1375731,苏州市相城区江南化纤集团有限公司,,,,,
1375731,东吴证券有限责任公司,,,,,
1377401,成都仁道投资有限公司,,,,,
1377401,中海基金管理有限公司,,,,,
1377401,浙江银河股份有限公司,,,,,
1377401,大成基金管理有限公司,,,,,
1377401,成都国光电气股份有限公司,,,,,
1377401,佛ft市金海集团有限公司,,,,,
1390640,华锦集团,,214281153,,2011年1月14日,
1390640,安徽国贸集团控股有限公司,,57000000,,2009年1月14日,
1390640,纳爱斯浙江投资有限公司,,45000000,,2009年1月14日,
1390640,佛ft市美的投资管理有限公司,,43000000,,2009年1月14日,
1390640,浙江江南涤化有限公司,,43000000,,2009年1月14日,
1390640,中天证券有限责任公司,,40000000,,2009年1月14日,
1390640,深圳市海丰源投资股份有限公司,,35000000,,2009年1月14日,
1390640,江苏开元国际集团轻工业品进出口股份有限公司,,35000000,,2009年1月14日,
1390640,广西君合投资有限公司,,15000000,,2009年1月14日,
1390640,江苏瑞华投资发展有限公司,,10000000,,2009年1月14日,
1391836,北京汽车工业控股有限责任公司,,5000,,36,
1391836,首钢总公司,,2000,,12,
1391836,潍柴动力股份有限公司,,2000,,12,
1391836,诸城市国有资产经营总公司,,1000,,12,
1391836,诸城市义和车桥有限公司,,500,,12,
1398164,国家开发投资公司,,3670,,36个月,
1398164,―,,3670,,36个月,
14044276,中科创资产,,26238284,30751.27,,
14044276,袁永刚,,4266211,5000.00,,
14044276,蒋元生,,853242,1000.00,,
14044276,隆华汇管理的股权投资基金,,682593,800.00,,
14044276,隆 华汇 管理 的“ 隆华 汇定 增1 号基金”,,,,,
14044276,贵州正能量资产管理有限公司,,68994306,81551.27,,
14044276,正能量资产,,19442352,22786.44,,
14107652,深圳市中能绿色启航壹号投资企业（有限合伙）,,,,36,
14107652,长信基金管理有限责任公司及长信基金-曙光1 号,,,,36,
14139785,中国华电集团财务有限公司,,,,12,
14139785,金鹰基金管理有限公司,,,,<rowspan>,
14139785,北信瑞丰基金管理有限公司,,,,<rowspan>,
14139785,华安未来资产管理（上海）有限公司,,,,<rowspan>,
14139785,成都力鼎银科股权投资基金中心（有限合伙）,,,,<rowspan>,
1416357,嘉实基金管理有限公司,,,,2013年3月25日,
1416357,华安基金管理有限公司,,,,2013年3月25日,
1416357,国泰基金管理有限公司,,,,2013年3月25日,
1416357,广发基金管理有限公司,,,,2013年3月25日,
1416357,上海东方证券资产管理有限公司,,,,2013年3月25日,
1416357,深圳市平安德成投资有限公司,,,,2013年3月25日,
1416357,天津盛熙股权投资基金合伙企业(有限合伙),,,,2013年3月25日,
1416357,中广核财务有限责任公司,,,,2013年3月25日,
14196522,博时基金管理有限公司,,,,12,
14196522,财通基金管理有限公司,,,,12,
14196522,第一创业证券股份有限公司,,,,12,
14196522,华泰柏瑞基金管理有限公司,,,,12,
14196522,信诚基金管理有限公司,,,,12,
14196522,国投瑞银基金管理有限公司,,,,12,
14249363,财通基金管理有限公司,,,,12,
14249363,博时基金管理有限公司,,,,12,
14249363,第一创业证券股份有限公司,,,,12,
14249363,诺德基金管理有限公司,,,,12,
14249363,刘晖,,,,12,
14249363,君禾股权投资基金管理（上海）有限公司,,,,12,
14249363,信达澳银基金管理有限公司,,,,12,
14249363,东海基金管理有限责任公司,,,,12,
14249363,君禾股权投资基金管理（上,,,,,
14249363,海）有限公司,,,,,
14323704,苏州汇方同达信息科技有限公司,,,59999998.08,12,
14323704,圆信永丰基金管理有限公司,,,59999998.08,12,
14323704,陆尔穗,,,59999998.08,12,
14323704,王友林,,,59999998.08,12,
14323704,苏州市历史文化名城发展集团创业投资有限公司,,,59999998.08,12,
14323704,沃九华,,,59999998.08,12,
14323704,银河金汇证券资产管理有限公司,,,59999998.08,12,
14323704,苏州广电传媒集团有限公司,,,119999996.16,12,
14323704,天治基金管理有限公司,,,58000001.92,12,
1434622,特变电工股份有限公司,,1000,19500,36 个月,
1434622,北京新世界数字多媒体技术有限公司,,800,15600,12 个月,
1434622,鹏华基金管理有限公司,,600,11700,12 个月,
1434622,新疆新能担保有限责任公司,,500,9750,12 个月,
1434622,新疆凯迪投资有限责任公司,,500,9750,12 个月,
1434622,华凌畜牧产业开发有限公司,,500,9750,12 个月,
1434622,北京怡广投资管理有限公司,,500,9750,12 个月,
1434622,上海宏联创业投资有限公司,,500,9750,12 个月,
1434622,广发基金管理有限公司,,500,9750,12 个月,
143777,华鑫国际信托有限公司,,,,,
143777,太原钢铁（集团）有限公司,,,,,
143777,首钢总公司,,,,,
143777,河北钢铁集团投资控股有限公司,,,,,
143777,建信基金管理有限责任公司,,,,,
1441903,锦江国际（集团）有限公司,,22222.22万股,,2012年6月25日,
14471261,东吴基金管理有限公司,,,,12,
14471261,鹏华基金管理有限公司,,,,12,
14471261,东久（上海）投资管理咨询有限公司,,,,12,
14471261,融通基金管理有限公司,,,,12,
14471261,弘创（深圳）投资中心（有限合伙）,,,,12,
14471261,德邦基金管理有限公司,,,,12,
144955,羚锐发展,,,,36 个月,
144955,百瑞信托,,,,36 个月,
144955,上海证券,,,,36 个月,
1451868,海南省发展控股有限公司,,,,36,
1451868,海航集团有限公司,,,,36,
1454998,富通银行,,,,,
1454998,广发基金管理有限公司,,,,,
1454998,中航鑫港担保有限公司,,,,,
1454998,吴轶,,,,,
1454998,湖南湘投金天科技集团有限责任公司,,,,,
1454998,中国银河投资管理有限公司,,,,,
1454998,太平资产管理有限公司,,,,,
1454998,兵器财务有限责任公司,,,,,
14629402,许锡忠,,13529.4117,80500.0000,,
14629402,深圳市前海佳浩投资合伙企业（有限合伙）,,10517.6470,62580.0000,,
14629402,深圳市华昊股权投资合伙企业（有限合伙）,,5008.4033,29800.0000,,
14629402,深圳市前海富荣资产管理有限公司,,3163.0252,18820.0000,,
14629402,陈庚发,,2811.5779,16728.8888,,
14629402,深圳海之门休闲体育发展有限公司,,3584.3137,21326.6668,,
14629402,深圳蒙商基金管理有限公司,,3005.0420,17880.0000,,
14629402,深圳前海世嘉方盛基金管理合伙企业（有限合伙）,,1405.7889,8364.4444,,
14630290,北信瑞丰基金管理有限公司,,9404064,272999977.92,,
14630290,申万菱信基金管理有限公司,,5408198,156999987.94,,
14630290,建信基金管理有限责任公司,,5167068,149999984.04,,
14630290,招商财富资产管理有限公司,,4891491,141999983.73,,
14630290,深圳市融通资本管理股份有限公司,,5649328,163999991.84,,
14630290,财通基金管理有限公司,,2215986,64330073.58,,
14630290,招商财富资本管理有限公司,,4891491,,,
14630290,认购对象,,认购数量（股）,,,
14663086,精功集团,,,,36,
14663086,上海大丰,,,,36,
14663086,会稽山第一期员工持股计划,,,,36,
14663086,宁波信达风盛,,,,36,
14663086,北京合聚天建,,,,36,
14663086,中汇同创,,,,36,
14670468,新疆华安盈富股权投资管理有限公司,,,101000000.00,,
14670468,银河资本资产管理有限公司,,,92000000.00,,
14670468,建信基金管理有限责任公司,,,87400000.00,,
14670468,襄垣县永利科技有限公司,,,50200000.00,,
14670468,孙鼎青,,,50200000.00,,
14670468,平安大华基金管理有限公司,,,50000000.00,,
14670468,泰达宏利基金管理有限公司,,,50000000.00,,
14670468,财通基金管理有限公司,,,16130000.00,,
14705544,北京京国瑞国企改革发展基金（有限合伙）,,,99144.0267,,
14705544,三胞集团南京投资管理有限公司,,,148716.04,,
14705544,上海懿兆实业投资有限公司,,,49572.0133,,
14756473,鹏华资产管理（深圳）有限公司,,,,2017年9月19日,
14756473,财通基金管理有限公司,,,,2017年9月19日,
14756473,大成基金管理有限公司,,,,2017年9月19日,
14756473,中国华融资产管理股份有限公司,,,,2017年9月19日,
14756473,招商财富资产管理有限公司,,,,2017年9月19日,
14756473,发行对象,,,,,
14756473,东吴证券股份有限公司,,,,,
14756473,兴证证券资产管理有限公司,,,,,
14756473,袁健,,,,,
14756473,平安资产管理有限责任公司,,,,,
14756473,申万菱信基金管理有限公司,,,,,
14756473,北京新华富时资产管理有限公司,,,,,
14756473,上海光大证券资产管理有限公司,,,,,
14756473,厦门航空开发股份有限公司,,,,,
14756473,申万宏源证券有限公司,,,,,
14756473,长城人寿保险股份有限公司,,,,,
14756473,中国长城资产管理公司,,,,,
14756473,平安养老保险股份有限公司,,,,,
14756473,华泰柏瑞基金管理有限公司,,,,,
14756473,中信证券股份有限公司,,,,,
14756473,中融基金管理有限公司,,,,,
14756473,第一创业证券股份有限公司,,,,,
14756473,国投瑞银基金管理有限公司,,,,,
14756473,江海证券有限公司,,,,,
14756473,长城基金管理有限公司,,,,,
14756473,华安未来资产管理（上海）有限公司,,,,,
14756473,兴业全球基金管理有限公司,,,,,
14756473,易方达基金管理有限公司,,,,,
14756473,合众人寿保险股份有限公司,,,,,
14756473,杭州缘贝科技有限公司,,,,,
14756473,上海并购股权投资基金合伙企业（有限合伙）,,,,,
14756473,西证创新投资有限公司,,,,,
14756473,东莞证券股份有限公司,,,,,
14756473,国泰基金管理有限公司,,,,,
14756473,民生通惠资产管理有限公司,,,,,
14756473,天弘基金管理有限公司,,,,,
14756473,九泰基金管理有限公司,,,,,
14756473,翁仁源,,,,,
14756473,上海业铭资产管理有限公司,,,,,
14756473,西部利得基金管理有限公司,,,,,
14756473,博时基金管理有限公司,,,,,
14756473,南京瑞达信h股权投资合伙企业（有限合伙）,,,,,
14756473,金鹰基金管理有限公司,,,,,
14756473,北信瑞丰基金管理有限公司,,,,,
14756473,德邦基金管理有限公司,,,,,
14756473,华安基金管理有限公司,,,,,
14756473,融通基金管理有限公司,,,,,
14756473,平安大华基金管理有限公司,,,,,
14756473,信诚基金管理有限公司,,,,,
14756473,诺安基金管理有限公司,,,,,
14760661,中粮集团,,,108300,,
14760661,中兴建融,,,43320,,
14760661,聚赢基金,,,21660,,
14761648,建信基金,,,不超过81000,,
14761648,瑞丰资产,,,不超过60000,,
14785335,国华人寿保险股份有限公司,,,259999997.68,,
14785335,金元顺安基金管理有限公司,,,479999996.73,,
14785335,长安基金管理有限公司,,,499999998.24,,
14785335,北信瑞丰基金管理有限公司,,,479999996.73,,
14785335,民生加银基金管理有限公司,,,334999995.66,,
14785335,诺安基金管理有限公司,,,225000011.50,,
14785335,叶林富,,,270000000.63,,
14787789,中国华录集团有限公司,,,547920614.12,36,
14787789,博时基金管理有限公司,,,597731557.96,36,
14787789,博时资本管理有限公司,,,298865768.44,36,
14787789,申万菱信基金管理有限公司,,,547920614.12,36,
14787789,长城国融投资管理有限公司,,,198247639.96,36,
147930,杭州金投资本管理有限公司,,,,,
147930,山西证券股份有限公司,,,,,
147930,兴业全球基金管理有限公司,,,,,
147930,中信证券股份有限公司,,,,,
147930,中钢投资有限公司,,,,,
147930,兵工财务有限责任公司,,,,,
147930,华宝信托有限责任公司,,,,,
147930,南京瑞森投资管理合伙企业（有限合伙）,,,,,
147930,昆明鼎恒投资管理有限公司,,,,,
147930,浙江日晟资产管理有限公司,,,,,
147930,钱海平,,,,,
147930,国联证券股份有限公司――国联汇融2号定向资产管理计划,,,,,
147930,戎国亭,,,,,
1487799,苏州云开投资中心(有限合伙),,,,12,
1487799,铜陵市工业投资控股有限公司,,,,12,
1487799,无锡中建房地产开发有限公司,,,,12,
1487799,北京京富融源投资管理有限公司,,,,12,
1487799,华宝信托有限责任公司,,,,12,
14878708,蚌埠市城市投资控股有限公司,,,699999978.93,,
14878708,浙江浙银资本管理有限公司,,,743199979.59,,
14878708,金鹰基金管理有限公司,,,689999988.42,,
14878708,华安未来资产管理（上海）有限公司,,,689999988.42,,
14878708,北信瑞丰基金管理有限公司,,,689999988.42,,
14879194,嘉实基金管理有限公司,,,,12,
14879194,长江证券（上海）资产管理有限公司,,,,12,
14879194,信诚基金管理有限公司,,,,12,
14879194,中船财务有限责任公司,,,,12,
14879194,东方证券股份有限公司,,,,12,
14879194,上海光大证券资产管理有限公司,,,,12,
14879194,华融国际信托有限责任公司,,,,12,
14879194,工银瑞信基金管理有限公司,,,,12,
14879194,财通基金管理有限公司,,,,12,
14925944,鹏华资产管理（深圳）有限公司,,,,12个月,
14925944,新沃基金管理有限公司,,,,12个月,
14925944,东海基金管理有限责任公司,,,,12个月,
14925944,财通基金管理有限公司,,,,12个月,
14925944,平安大华基金管理有限公司,,,,12个月,
1493919,中融汇投资担保有限公司,,,99680,12,
1493919,中国东方电气集团有限公司,,,87220,12,
1493919,中国人寿资产管理有限公司,,,56070,12,
1493919,中交投资有限公司,,,43610,12,
1493919,航天科工财务有限责任公司,,,43610,12,
1495480,哈尔滨动力设备股份有限公司,,,,12,
1495480,中国东方电气集团有限公司,,,,12,
1495480,天津市津能投资公司,,,,12,
1495480,上海电气（集团）总公司,,,,12,
1495480,内蒙古伊泰集团有限公司,,,,12,
1495480,工银瑞信基金管理有限公司,,,,12,
1495480,航天科工财务有限责任公司,,,,12,
1495480,上海彤卉实业有限公司,,,,12,
1495480,中国大唐集团公司,,,,36,
1495480,总计,,,,―,
1497854,卜波,,,18900.00,12,
1497854,鹰潭宏岭投资管理有限合伙企业,,,12915.00,12,
1497854,博弘数君（天津）股权投资基金合伙企业（有限合伙）,,,11340.00,12,
1497854,上海力利投资管理合伙企业（有限合伙）,,,11340.00,12,
1497854,天津凯石益金股权投资基金,,,11340.00,12,
1497854,合伙企业（有限合伙）,,,<null>,<null>,
1497854,江苏瑞华投资发展有限公司,,,11340.00,12,
1497854,周雪钦,,,7824.60,12,
1497854,天津凯石益金股权投资基金合伙企业（有限合伙）,,,11340.00,12,
1498027,中国国电集团公司,,1440288826,,36,
1498074,盟科投资控股有限公司,,,,12 个月,
1498074,鞍ft钢铁集团公司,,,,12 个月,
1498074,浙江天堂硅谷盈通创业投资有限公司,,,,12 个月,
1498074,浙江商裕控股集团投资有限公司,,,,12 个月,
1498074,天津凯石益利股权投资基金合伙企业（有限合伙）,,,,12 个月,
1498074,富国基金管理有限公司,,,,12 个月,
1498074,其中：富国天瑞强势地区精选混合型开放式证券投资基金,,,,12 个月,
1498074,富国天博创新主题股票型证券投资基金,,,,12 个月,
1498074,富国沪深300增强证券投资基金,,,,12 个月,
1498074,富国天成红利灵活配置混合型证券投资基金,,,,12 个月,
1500568,泰康资产管枞有限责馀公司,,,,,
1500568,s西信托有限责馀公司,,,,,
1500568,华宝信托有限责馀公司,,,,,
1500568,王中琼,,,,,
1500568,四川U水电投资经丶团有限公司,,,,,
1500761,北京嘉诚资本投资管理有限公司,,2000,,12个月,
1500761,王正荣,,2700,,12个月,
1500761,王文彬,,2000,,12个月,
1500761,大成基金管理有限公司,,2000,,12个月,
1500761,华宝信托有限责任公司,,1400,,12个月,
1501440,中国南方航空集团公司,,,,36,
1501440,赵晓东,,,,12,
1501440,兴业全球基金管理有限公司,,,,12,
1501440,芜湖瑞健投资咨询有限公司,,,,12,
1501440,安徽海螺创业投资有限责任公司,,,,12,
1501440,平安资产管理有限责任公司,,,,12,
1501440,中航鑫港担保有限公司,,,,12,
1501440,太平资产管理有限公司,,,,12,
1501440,博时基金管理有限公司,,,,12,
1501681,浙江商裕阳光创业投资有限公司,,1500,,12 个月,
1501681,平安证券有限责任公司,,1800,,12 个月,
1501681,方正证券有限责任公司,,1200,,12 个月,
1501681,东海证券有限责任公司,,1200,,12 个月,
1501681,吕志炎,,1700,,12 个月,
1501681,上海证券有限责任公司,,1200,,12 个月,
1501681,光大证券股份有限公司,,2000,,12 个月,
1501681,赵龙,,1200,,12 个月,
1501681,常州投资集团有限公司,,1800,,12 个月,
1501681,天津证大金马股权投资基金合伙企业（有限合伙）,,1200,,12 个月,
15031989,鹏华资产管理（深圳）有限公司,,,,,
15031989,新沃基金管理有限公司,,,,,
15031989,东海基金管理有限责任公司,,,,,
15031989,财通基金管理有限公司,,,,,
15031989,平安大华基金管理有限公司,,,,,
15033373,淮矿集团,,31685393,282000000.00,,
15033373,皖投工投,,7921348,70500000.00,,
15033373,铁路基金,,7921348,70500000.00,,
1503450,发行数量,,,,,
1503450,定价基准日,,,,,
1503450,发行价格,,,,,
1503450,募集资金总额,,,,,
1503835,湖南湘投金天科技集团有限责任公司,,,115500000.00,12,
1503835,上海证券有限责任公司,,,115500000.00,12,
1503835,江苏瑞华投资发展有限公司,,,115500000.00,12,
1503835,天平汽车保险股份有限公司,,,92400000.00,12,
1503835,中诚信托有限责任公司,,,92400000.00,12,
1503835,太平资产管理有限公司,,,92400000.00,12,
1503835,江苏开元股份有限公司,,,78149979.60,12,
1503835,平安证券有限责任公司,,,78149979.60,12,
1503835,平安证券有限责任,,,78149979.60,12,
1503835,公司,,,<null>,<null>,
1504869,南京长江油运公司,,,126675.00,36,
1504869,华泰证券股份有限公司,,,14075.00,12,
1504869,太平洋资产管理有限责任公司,,,14075.00,12,
1504869,小计：,,,154825.00,<null>,
1504970,宝胜集团有限公司,,,,<null>,
1504970,江西育科投资有限责任公司,,,,<null>,
1504970,济南北安投资有限公司,,,,<null>,
1504970,杨运萍,,,,<null>,
1504970,鹰潭福源佳盛投资管理中心（有限合伙）,,,,<null>,
1504970,江苏瑞华投资发展有限公司,,,,<null>,
1504970,上海证券有限责任公司,,,,<null>,
1504970,浙江省商业集团有限公司,,,,<null>,
15056685,北京芯动能投资基金（有限合伙）,,,209999929.14,,
15056685,华安基金管理有限公司,,,190999928.70,,
15056685,北京芯动能投资基 金（有限合伙）,,,,12,
15056685,无,,,,<null>,
15056685,发行对象,,,,<colspan>,
1506472,鹰潭宏ft投资管理有限合伙企业,,7237965,145844994.75,12,
1506472,江苏汇鸿国际集团土产进出口股份有限公司,,5570719,112249987.85,12,
1506472,景隆融尊(天津)股权投资基金合伙企业(有限合伙),,7987593,160949998.95,12,
1506472,天迪创新(天津)资产管理合伙企业(有限合伙),,5251612,105819981.80,12,
1506472,江苏鑫惠创业投资有限公司,,5225806,105299990.90,12,
1506472,万利隆投资管理有限公司,,9647642,194399986.30,12,
1506472,天津国汇股权投资管理合伙企业(有限合伙),,9647642,194399986.30,12,
1506472,上海彤卉实业有限公司,,1540202,31035070.30,12,
151899,江西省电子集团有限公司,,,,,
151899,江西省省属国有企业资产经营（控股）有限公司,,,,,
151899,华安基金管理有限公司,,,,,
151899,江西省盐业集团公司,,,,,
15195390,赵小强,,,,,
15195390,新余乐活,,,,,
15195390,新余天游,,,,,
15195390,浙江开元股权投资有限公司,,,,,
15195390,深圳市红塔资产管理有限公司,,,,,
15195390,华安未来资产管理（上海）有限公司,,,,,
15195390,长安基金管理有限公司,,,,,
15195390,金元顺安基金管理有限公司,,,,,
15274866,呼市城投,,,2999999996.28,,
15274866,内蒙交投,,,1999999997.52,,
15274866,金石灏I,,,1999999997.52,,
15274866,平安资产,,,999999998.76,,
15274866,金梅花投资,,,999999998.76,,
15274866,发行对象,,,认购金额（元）,,
15303378,郭仁祥,,4154.8631,,36,
15303378,兴证资管鑫众―吉艾科技1号定向资产管理计划,,320.8000,,36,
15303378,南通元鼎投资有限公司,,472.1435,,36,
15304036,玉环捷瑞,,130277495,82074.82,,
15304036,宁波裕盛,,95823873,60369.04,,
15304036,宁波雨博,,79396921,50020.06,,
15304036,上海爽达,,88021079,55453.28,,
15304036,上海喜待,,86241492,54332.14,,
15304036,宁波万福,,68445635,43120.75,,
15304036,上海哲萱,,41067381,25872.45,,
15304036,宁波骏和,,34222809,21560.37,,
15304036,深圳名正,,34222809,21560.37,,
15304036,玉环捷瑞泰丰投资有限公司,,,,,
15304036,宁波裕盛鸿铭股权投资合伙企业（有限合伙,,,,,
15304036,宁波雨博股权投资合伙企业（有限合伙）,,,,,
15304036,上海爽达投资中心（有限合伙）,,,,,
15304036,北京天晟,,47619047,30000.00,,
15304577,李新生,,,280124579.61,,
15304577,南通丰盈投资合伙企业（有限合伙）,,,179799994.71,,
15304577,宁波亿华合众投资管理合伙企业（有限合伙）,,,150103991.43,,
15304577,九江志元胜泰投资管理中心（有限合伙）,,,149872001.76,,
15304577,合    计,,,759900567.51,,
15308278,中信建投基金管理有限公司,,,199999993.14,,
15308278,易方达资产管理有限公司,,,35955994.16,,
15308278,申万菱信基金管理有限公司,,,185999992.72,,
15308278,深圳市融通资本管理股份有限公司,,,183999992.66,,
15308278,平安资产管理有限责任公司,,,166000017.84,,
1533009,中国航天时代电子公司,,1292.0,,36,
1533009,中国人民财产保险股份有限公司,,1200.0,,12,
1533009,南方基金管理有限公司,,1180.0,,12,
1533009,富通银行,,959.0,,12,
1533009,红塔证券股份有限公司,,300.0,,18,
15336015,汇垠天粤,,,,,
15336015,广州国发,,,,,
15336015,广金资产管理的广金优选3号基金,,,,,
15336015,广州轻工,,,,,
15336015,穗甬控股,,,,,
15346600,广晟公司,,13235724,452000000.00,,
15346600,定向资管计划（暨员工持股计划）,,1253879,42819967.85,,
15346600,国华人寿,,14641288,500000000.00,,
15346600,B容战略资源1号基金,,2928257,100000000.00,,
15346600,刘益谦,,7620497,260240000.00,,
15346784,红土创新基金管理有限公司,,,,12,
15346784,国投瑞银基金管理有限公司,,,,12,
15346784,财通基金管理有限公司,,,,12,
15346784,平安大华基金管理有限公司,,,,12,
15346784,首创证券有限责任公司,,,,12,
15346784,中融基金管理有限公司,,,,12,
15348404,湖南海利高新技术产业集团有限公司,,,6382.13,,
15348404,湖南国有资产经营管理有限公司,,,3003.57,,
15348404,深圳市瑞丰林投资管理中心（有限合伙）,,,7809.51,,
15348404,上海尚锦置业有限公司,,,12014.34,,
15348404,福建永超投资有限公司,,,12014.34,,
15348404,招证资管-同赢之湖南海利1号员工持股计划定向资产管理计划,,,4999.99,,
15348404,招证资管-同赢之湖南海利1号员工,,,,,
15348404,持股计划定向资产管理计划（员工持股计划）,,,,,
15356956,西藏瀚澧,,26857656,30000.00,,
15356956,深圳众成宝,,3133393,3500.00,,
15356956,张玉琴,,8952551,10000.00,,
15356956,胡逸舟,,8952551,10000.00,,
15356956,胡理勇,,4028648,4500.00,,
15356956,林祥青,,3581020,4000.00,,
15469302,刘辉,,,360768470.40,36,
15469302,朱文怡,,,240512313.60,36,
15469302,东营东创投资合伙企业（有限合伙）,,,239826585.60,36,
15469302,九江昊诚投资管理中心（有限合伙）,,,239826585.60,36,
15469302,国金润达惠员工持股1号定向资产管理计划,,,59097600.00,36,
15469302,东营东创,,8327312,239826585.60,,
15469302,九江昊诚,,8327312,239826585.60,,
15469302,润达惠员工持股1号,,2052000,59097600.00,,
15469302,-,,39584429,1140031555.20,,
15475720,天安人寿保险股份有限公司,,194601485,2119210171.65,,
15475720,上海纪辉资产管理有限公司,,183160419,1994616962.91,,
15475720,西藏丹巴达杰科技有限公司,,70056535,762915666.15,,
15475720,余斌,,62272476,678147263.64,,
15475720,西藏格桑梅朵科技有限公司,,46704356,508610442.31,,
15475720,新华富时曦晓1号专项资产管理计划,,26007897,283225998.33,,
15475720,共青城量能投资管理合伙企业（有限合伙）,,23352178,254305218.42,,
15475720,新华富时弘景1号专项资产管理计划,,10165131,110698276.59,,
15475720,郁金香资本,,,1301060719.53元,,
15475720,西藏丹巴达杰,,,899999998.92元,,
15475720,西藏格桑梅朵,,,600000003.29元,,
15475720,共青城量能,,,299999996.01元,,
15513838,新华基金管理股份有限公司,,9239130,,12,
15513838,金鹰基金管理有限公司,,7210144,,12,
15513838,安信基金管理有限责任公司,,6159420,,12,
15513838,中融基金管理有限公司,,4619565,,12,
15513838,国泰君安创新投资有限公司,,3079710,,12,
15513838,红土创新基金管理有限公司,,489132,,12,
15531494,伟发投资,,30315614,36500,,
15531494,绍元九鼎,,15531561,18700,,
15531494,启利九鼎,,6478405,7800,,
15531494,弘泰九鼎,,5813953,7000,,
15531494,九泰基金,,2491694,3000,,
15531494,上海伟发投资控股有限公司,,,,,
15531494,苏州绍元九鼎投资中心（有限合伙）,,,,,
15531494,苏州启利九鼎投资中心（有限合伙）,,,,,
15531494,苏州弘泰九鼎创业投资中心（有限合伙）,,,,,
15531494,九泰基金管理有限公司,,,,,
15543971,林撤,,,273319992.00,36个月,
15543971,前海大宇定增2号私募基金,,,41000002.56,36个月,
15543971,周雯,,,10000003.20,36个月,
15543971,孙红霞,,,5000001.60,36个月,
15544514,刘晓东,,,,36个月,
15544514,长信基金管理有限责任公司,,,,12个月,
15544514,博时基金管理有限公司,,,,12个月,
15544514,寇光智,,,,12个月,
15544514,杨洪,,,,12个月,
15557370,济源投资集团有限公司,,,,12,
15557370,九泰基金管理有限公司,,,,12,
15557370,财通基金管理有限公司,,,,12,
15557370,平安大华基金管理有限公司,,,,12,
15557370,信诚基金管理有限公司,,,,12,
15557370,德盈润泰实业有限公司,,,,12,
15557370,第一创业证券股份有限公司,,,,12,
15557370,南京瑞达信h股权投资合伙企业（有限合伙）,,,,12,
15557857,泰达宏利基金管理有限公司,,,,,
15557857,西部证券股份有限公司,,,,,
15557857,兴业财富资产管理有限公司,,,,,
15557857,银华基金管理有限公司,,,,,
15557857,融通基金管理有限公司,,,,,
15557857,财通基金管理有限公司,,,,,
15568730,兴业财富资产管理有限公司,,,,12,
15568730,融通基金管理有限公司,,,,12,
15568730,汇添富基金管理股份有限公司,,,,12,
15568730,嘉实基金管理有限公司,,,,12,
15568730,西部证券股份有限公司,,,,12,
15568730,兴证证券资产管理有限公司,,,,12,
15568730,陈炎表,,,,12,
15568730,平安大华基金管理有限公司,,,,12,
15572579,桐乡市华友投资有限公司,,7047209,,36个月,
15572579,广西铁路发展投资基金（有限合伙）,,5649717,,12个月,
15572579,国信证券股份有限公司,,5649717,,12个月,
15572579,九泰基金管理有限公司,,5615191,,12个月,
15572579,中国华融资产管理股份有限公司,,6277463,,12个月,
15572579,浙江浙商证券资产管理有限公司,,6779661,,12个月,
15572579,创金合信基金管理有限公司,,18832391,,12个月,
15572579,财通基金管理有限公司,,1635283,,12个月,
15572579,广西铁路发展投资基金（有限合伙,,,,12个月,
15572587,广西铁路发展投资基金（有限合伙）,,,179999983.62,,
15572587,国信证券股份有限公司,,,179999983.62,,
15572587,九泰基金管理有限公司,,,178899985.26,,
15572587,中国华融资产管理股份有限公司,,,199999971.18,,
15572587,浙江浙商证券资产管理有限公司,,,215999999.46,,
15572587,创金合信基金管理有限公司,,,599999977.26,,
15572587,财通基金管理有限公司,,,52100116.38,,
15572587,华友投资,,,224524078.74,,
15605247,青岛市企业发展投资有限公司,,,350000002.72,,
15605247,青岛城投金融控股集团有限公司,,,351088404.08,,
15605247,李科学,,,44999992.92,,
1561112,首农集团,,,,60,
1561112,平闰投资,,,,60,
1561112,复星创泓,,,,60,
15645325,第一创业证券股份有限公司,,,,12,
15645325,民生通惠资产管理有限公司,,,,12,
15645325,东海证券股份有限公司,,,,12,
15645325,九泰基金管理有限公司,,,,12,
15645325,兴证证券资产管理有限公司,,,,12,
15645325,信诚基金管理有限公司,,,,12,
15645325,东海基金管理有限责任公司,,,,12,
15645325,诺安基金管理有限公司,,,,12,
15645325,杨相如,,,,12,
15645325,深圳市瑞丰林投资管理中心（有限合伙）,,,,12,
15645325,东吴基金管理有限公司,,,,12,
15645325,财通基金管理有限公司,,,,12,
15645325,华泰柏瑞基金管理有限公司,,,,12,
15645325,无,,,,<null>,
15645325,发行对象,,,,<colspan>,
1566245,泰达宏利基金管理有限公司,,30128571,210899997.00,12,
1566245,西南证券股份有限公司,,24285714,169999998.00,12,
1566245,广发证券资产管理（广东） 有限公司,,25714285,179999995.00,12,
1566245,汇添富基金管理股份有限公司,,24285714,169999998.00,12,
1566245,东海基金管理有限责任公司,,50000000,350000000.00,12,
1566245,招商财富资产管理有限公司,,24285714,169999998.00,12,
1566245,财通基金管理有限公司,,64157144,449100008.00,12,
1566245,发行对象,,配售股数（股）,配售金额（元）,限售期（月）,
15670155,粤垦投资,,3140178,7749.96,,
15670155,湛江农垦,,1215559,3000.00,,
15670155,长城国融,,7293354,18000.00,,
15670155,温氏投资,,4051863,10000.00,,
15670155,现代种业,,2431118,6000.00,,
15670155,沈汉标,,1620745,4000.00,,
15699463,财通基金管理有限公司,,,,12,
15699463,北信瑞丰基金管理有限公司,,,,12,
15699463,平安大华基金管理有限公司,,,,12,
15699463,中融基金管理有限公司,,,,12,
15699463,天津和澜商贸有限公司,,,,12,
15699463,易方达基金管理有限公司,,,,12,
15699463,深圳市融通资本管理股份有限公司,,,,12,
15699463,长城国泰（舟山）产业并购重组基金合伙企业（有限合伙）,,,,12,
15699463,第一创业证券股份有限公司,,,,12,
15699463,发行对象,,,,限售期（月）,
15702525,常州投资集团有限公司,,,,,
15702525,银华基金管理股份有限公司,,,,,
15702525,财通基金管理有限公司,,,,,
15702525,博时基金管理有限公司,,,,,
15702525,上海并购股权投资基金合伙企业（有限合伙）,,,79630200.78,,
15702525,王云友,,,29999991.06,,
15702525,大成基金管理有限公司,,,15210000.00,,
1570496,黄昌华,,2686727,10000.00,,
1570496,创东方长泰,,5373455,20000.00,,
1570496,中植产投,,8060183,30000.00,,
15709938,光大保德信资产管理有限公司,,,116999996.80,,
15709938,北信瑞丰基金管理有限公司,,,223999997.75,,
15709938,民生加银基金管理有限公司,,,224599996.15,,
15709938,财通基金管理有限公司,,,24562309.05,,
15709938,金鹰基金管理有限公司,,,199999994.20,,
15709938,前海开源基金管理有限公司,,,329999998.15,,
15715824,金鹰基金管理有限公司,,126884400,,12 个月,
15715824,上海泓谟资产管理有限公司,,61718500,,12 个月,
15715824,杭州炬元彤康投资合伙企业（有限合伙）,,63067800,,12 个月,
15715824,前海开源基金管理有限公司,,88567800,,12 个月,
15715824,金元顺安基金管理有限公司,,118090400,,12 个月,
15715824,杭州东方邦信赤和股权投资基金合伙企业（有限合伙）,,70351700,,12 个月,
15715824,创金合信基金管理有限公司,,61771600,,12 个月,
15771445,广州国发,,262675677,2655651094.47,,
15771445,英特布鲁国际,,157641940,1593760013.40,,
15771445,广证鲲鹏1号,,1419347,14349598.17,,
15771445,广证鲲鹏2号,,4765508,48179285.88,,
1579024,合众共赢1号,,400,20184.00,,
1579024,合众共赢2号,,440,22202.40,,
1579024,合众共赢3号,,150,7569.00,,
1579024,合众共赢4号,,100,5046.00,,
1579024,合众共赢5号,,110,5550.60,,
15822739,四川三新创业投资有限责任公司,,,,-,
15822739,四川省集成电路和信息安全产业投资基金有限公司,,,,12个月,
15822739,建信基金管理有限责任公司,,,,12个月,
15822739,第一创业证券股份有限公司,,,,12个月,
15822739,东海基金管理有限责任公司,,,,12个月,
15822739,北信瑞丰基金管理有限公司,,,,12个月,
15822739,信诚基金管理有限公司,,,,12个月,
15822739,财通基金管理有限公司,,,,12个月,
15822739,中国网安,,,,36个月,
15822739,中电科投资,,,,36个月,
15832899,北京嘉豪伟业投资中心（有限合伙）,,,199999991.40,,
15832899,前海开源基金管理有限公司,,,38606585.60,,
1587796,朱麟,,4200,,,
1587796,胡季强,,3500,,,
1587796,汇添富基金,,3200,,,
1587796,济宁基石,,2083,,,
1587796,盐城基石,,1667,,,
1587796,深圳基石,,1250,,,
1587796,胡坚,,1000,,,
1587796,中乾景隆基金,,600,,,
15884968,深圳天风天成资产管理有限公司,,10752688,,,
15884968,邦信资产管理有限公司,,6451612,,,
15884968,中融基金管理有限公司,,6451612,,,
15884968,财通基金管理有限公司,,8602152,,,
1592800,百联集团,,6064.92,9.27,,
1592800,国开金融,,6544.50,10.00,,
1592800,珠海沐珊投资,,10143.98,15.50,,
1592800,上海并购基金,,1963.35,3.00,,
1592800,上海净涌投资,,1308.90,2.00,,
1597548,煤化集团,,,684000000,,
1597548,云维集团,,,684000000,,
1597548,东源集团,,,684000000,,
1597548,汇石混改1号,,,1276800000,,
1597548,西藏瑞华,,,638400000,,
1597548,大美中和,,,364800000,,
1597548,华泰云帆1号,,,346560000,,
1597548,华沅投资,,,300960000,,
1597548,云能基金,,,182400000,,
1597548,员工持股计划,,,45066480,,
1598029,舟ft如ft汇金壹号投资合伙企业（有限合伙）,,,30000.00,,
1598029,中广核财务有限责任公司,,,15000.00,,
1598029,华安未来资产管理（上海）有限公司,,,55000.00,,
1598029,泰信基金管理有限公司,,,40000.00,,
1598029,国机财务有限责任公司,,,20000.00,,
1598029,杭州希野投资管理合伙企业（有限合伙）,,,20000.00,,
1598029,西藏自治区投资有限公司,,,15000.00,,
1598029,北京领瑞投资管理有限公司,,,5000.00,,
1599155,深圳市汇鼎达投资发展有限公司,,2500,24000,,
1599155,长信基金-聚富2号资产管理计划,,2000,19200,,
1599155,深圳前海鋈寄茉醋试赐蹲视邢薰司,,1700,16320,,
1599155,新余信德投资管理中心（有限合伙）,,1000,9600,,
1599155,汇添富-定增盛世70号资产管理计划,,600,5760,,
1599155,上海汇朝资产管理有限公司,,533.3333,5120,,
1599155,中国食品发酵工业研究院,,208.3333,2000,,
16003120,安邦资产管理有限责任公司,,,,12,
16003120,嘉实基金管理有限公司,,,,12,
16003120,广州国资发展控股有限公司,,,,12,
16003120,华泰资产管理有限公司,,,,12,
16003120,发行对象,,,,锁定期（月）,
16003120,建信基金管理有限责任公司,,,,12,
16003120,国寿安保基金管理有限公司,,,,12,
16003120,九泰基金管理有限公司,,,,12,
16003120,华夏人寿保险股份有限公司,,,,12,
16003120,中国诚通控股集团有限公司,,,,12,
16003120,申万菱信基金管理有限公司,,,,12,
16003120,兴全基金管理有限公司,,,,12,
16003120,国华人寿保险股份有限公司,,,,12,
16003120,诺德基金管理有限公司,,,,12,
16003120,长城国融投资管理有限公司,,,,12,
16003120,芜湖信运汉石投资管理合伙企业（有限合伙）,,,,12,
16003120,中原股权投资管理有限公司,,,,12,
16003120,深圳天风天成资产管理有限公司,,,,12,
16003120,金鹰基金管理有限公司,,,,12,
16003120,民生加银基金管理有限公司,,,,12,
16003120,中国国有企业结构调整基金股份有限公司,,,,12,
16003120,财通基金管理有限公司,,,,12,
16003120,华泰柏瑞基金管理有限公司,,,,12,
16003120,无,,,,<null>,
1604375,羚锐集团,,41617122,35000,,
1604375,熊伟,,2972651,2500,,
1604375,冯国鑫,,2972651,2500,,
1604375,吴希振,,118906,100,,
1604375,李进,,118906,100,,
1604375,叶强,,118906,100,,
1604375,民族―羚锐小羚羊资产管理计划,,11533888,9700,,
1605298,饶陆华,,,,,
1605298,邓栋,,,,,
1605298,发行对象,,,,,
1605298,阮海明,,,,,
1605298,周新华,,,,,
1605298,上海景贤投资有限公司,,,,,
1605298,深圳市创东方慈爱投资企业（有限合伙）,,,,,
1605298,林训先,,,,,
1605298,聂志勇,,,,,
1605298,黄幼平,,,,,
1605298,马剑,,,,,
1605298,深圳市创东方慈爱投资企业,,,,,
1613272,League Agent (HK)Limited,,20291693,319999998.61,36,
16174296,陈清州,,,5.00,,
16174296,第三期员工持股计划,,,4.875,,
16176811,北信瑞丰基金管理有限公司,,39979338,,12个月,
16176811,拉萨和泰装修有限公司,,39979338,,12个月,
16176811,金鹰基金管理有限公司,,43904958,,12个月,
16176811,博时基金管理有限公司,,32954545,,12个月,
16176811,第一创业证券股份有限公司,,20144628,,12个月,
16176811,财通基金管理有限公司,,22933887,,12个月,
1620678,国投瑞银基金管理有限公司,,,6214600.00,12,
1620678,东海基金管理有限公司,,,27537297.90,12,
16228052,大成基金管理有限公司,,,,12个月,
16228052,北信瑞丰基金管理有限公司,,,,12个月,
16228052,青岛国信资本投资有限公司,,,,12个月,
16228052,财通基金管理有限公司,,,,12个月,
16228052,富国基金管理有限公司,,,,12个月,
16228052,易方达基金管理有限公司,,,,12个月,
16228052,广东温氏投资有限公司,,,,12个月,
16228052,邬建树,,,,36个月,
16270351,闽西兴杭国有资产投资经营有限公司,,289389067,899999998.37,36,
16270351,紫金矿业集团股份有限公司第一期员工持股计划,,129163987,401699999.57,36,
16270351,华融瑞通股权投资管理有限公司,,160771704,499999999.44,12,
16270351,中非发展基金有限公司,,321543408,999999998.88,12,
16270351,中信证券股份有限公司,,182636655,567999997.05,12,
16270351,橄榄木投资（北京）有限公司,,134019292,416799998.12,12,
16270351,兴证证券资产管理有限公司,,144694533,449999997.63,12,
16270351,财通基金管理有限公司,,128256595,398878010.45,12,
1628169,朱朝阳,,593.63,33000.00,,
1628169,柳州医药员第一期工持股计划,,125.92,7000.00,,
1628169,中国人寿资产管理,,359.78,20000.00,,
1628169,九泰基金拟设立的资产管理计划,,719.55,40000.00,,
1628169,六禾芳甸,,269.83,15000.00,,
1628169,程奉盈森,,359.78,20000.00,,
1628169,光辉嘉耀,,539.67,30000.00,,
1628747,方正富邦基金管理有限公司,,,,12,
1628747,天弘基金管理有限公司,,,,12,
1628747,中信建投基金管理有限公司,,,,12,
1631344,南江集团,,,8960.00,,
1631344,西藏南江,,,257600.00,,
1631344,认购对象,,,认购金额（万元）,,
16313521,吉林金塔投资股份有限公司,,25531914,119999995.80,36个月,
16313521,安信基金管理有限责任公司,,69361702,325999999.40,12个月,
16313521,中意资产管理有限责任公司,,80851063,379999996.10,12个月,
16313521,无锡金嘉源文旅投资有限公司,,148936170,699999999.00,12个月,
16313521,天津鸿嘉置业发展有限公司,,148936170,699999999.00,12个月,
16313521,无锡圣邦地产投资有限公司,,148936170,699999999.00,12个月,
16313521,北京鸿盈瑞悦企业发展咨询中心（有限合伙）,,26414662,124148911.40,12个月,
16324077,文创产业基金――文创定增基金,,41062500,459078750,,
16324077,文创产业基金――屹唐定增基金,,33306600,372367788,,
16324077,文建发展基金,,20572500,230000550,,
16324077,耀莱文化,,21086800,235750424,,
16324077,建投华文,,15635800,174808244,,
16324077,凯石资管――凯石3号基金,,16457900,183999322,,
16324077,四川信托,,8228800,91997984,,
16324077,华信超越,,24686900,275999542,,
16324077,青岛同印信,,16457900,183999322,,
16324077,汇邦国际,,8228800,91997984,,
16342972,信 诚 基 金 管理有限公司,,27072368,246899996.16,12,
16342972,财 通 基 金 管理有限公司,,32949561,300499996.32,12,
16342972,中 诚 信 托 有限责任公司,,16721491,152499997.92,12,
16342972,兴全基金管理有限公司,,,29999993.76,,
16342972,博时基金管理有限公司,,,151939200.00,,
16342972,申万菱信基金管理有限公司,,,29999993.76,,
16342972,信诚基金管理有限公司,,,296999995.68,,
16342972,云南铜业股份有限公司,,,199999994.88,,
16342972,财通基金管理有限公司,,55603062,507099925.44,12,
16342972,中诚信托有限责任公司,,16721491,152499997.92,12,
16342972,认购对象,,,认购金额（元）,,
16353425,湖北回天新材料股份有限公司-第一期员工持股计划,,,,36,
1637856,恒越投资,,137946879,1038739998.87,,
1637856,朝阳投资,,132880000,1000586400.00,,
1637856,浩泽嘉业,,79000000,594870000.00,,
1637856,京马投资,,73000000,549690000.00,,
1637856,川宏燃料,,68000000,512040000.00,,
1637856,国泰铭源,,68000000,512040000.00,,
1637856,逸合投资,,41120000,309633600.00,,
1637856,谷欣投资,,40000000,301200000.00,,
1637856,浩然明达,,40000000,301200000.00,,
16389312,平安资产管理有限责任公司,,,,12,
16389312,谭淑谊,,,,12,
16389312,汇安基金管理有限责任公司,,,,12,
16389312,刘吉贵,,,,12,
16389312,中意资产管理有限责任公司,,,,12,
16389312,廖创宾,,,,36,
16389312,公司2016年员工持股计划,,,,36,
16407466,赵东日,,20812614,,36,
16412122,中国国有企业结构调整基金股份有限公司,,,,12,
16412122,民生加银基金管理有限公司,,,,12,
16412122,建信基金管理有限责任公司,,,,12,
16412122,北信瑞丰基金管理有限公司,,,,12,
16412122,泰达宏利基金管理有限公司,,,,12,
16412122,红土创新基金管理有限公司,,,,12,
16412122,博时基金管理有限公司,,,,12,
16412122,信诚基金管理有限公司,,,,12,
1641549,中科创资产,,116959064,140000.00,,
1641549,正能量资产,,75187969,90000.00,,
1641549,袁永刚,,35087719,42000.00,,
1641549,蒋元生,,8354218,10000.00,,
1641549,隆华汇,,6683375,8000.00,,
1649559,顾永德,,,,,
1649559,秦传君,,,,,
1649559,方吉槟,,,,,
1649559,罗宏健,,,,,
1649559,肖明,,,,,
1649559,陈曦,,,,,
1649691,饶陆华,,,153900,,
1649691,深圳国华家里投资合伙企业（有限合伙）拟设立的证券投资基金,,,25650,,
1649691,桂国才,,,20520,,
1649691,孙俊,,,20520,,
1649691,饶爱龙,,,17955,,
1649691,深圳市国银资本投资管理有限公司-国银资本财富1号证券投资基金,,,17955,,
1649691,袁锋超,,,15903,,
1649691,张虔,,,15390,,
1649691,建元阳光投资管理（北京）有限公司-建源智冠证券投资基金,,,12825,,
1649691,郭伟,,,7182,,
1651036,亿阳集团,,不超过58170280股,不超过1100000000元,,
1651036,方略亿阳2号基金,,不超过2003500股,不超过37886185元,,
1651036,员工持股计划,,不超过1273200股,不超过24076212元,,
1651429,财通基金管理有限公司,,44444444,,12 个月,
1651429,华宝信托有限责任公司,,22222222,,12 个月,
1651429,东海基金管理有限责任公司,,10971762,,12 个月,
1651429,北信瑞丰基金管理有限公司,,22222222,,12 个月,
1651429,上海广翰投资管理有限公司,,34188034,,12 个月,
1651429,申万菱信（上海）资产管理有限公司,,27350427,,12 个月,
1651429,渤海证券股份有限公司,,22222222,,12 个月,
1651429,广发证券股份有限公司,,22222222,,12 个月,
1653031,四川产业振兴发展投资基金有限公司,,,,12,
1653031,广东宝丽华新能源股份有限公司,,,,12,
1653031,财通基金管理有限公司,,,,12,
1653031,申万菱信基金管理有限公司,,,,12,
1653031,创金合信基金管理有限公司,,,,12,
1653031,平安大华基金管理有限公司,,,,12,
1653031,渤海证券股份有限公司,,,,12,
1653031,国泰基金管理有限公司,,,,12,
1659549,上港集团 2014 年度员工持股计划（由受托管理该计划的资管机构长江养老设立专项产品予以认购）,,418495000,1749309100,36,
1661515,实友化工,,,3720.00,,
1661515,恒荣润业,,,7440.00,,
1661515,横琴荣通,,,1488.00,,
1661515,华信创投,,,3720.00,,
1661515,鹏万里,,,744.00,,
1661515,乔通,,,3720.00,,
1661515,孔莹,,,1488.00,,
1661518,江信基金管理有限公司,,,169999988.29,,
1661518,金鹰基金管理有限公司,,,99999996.36,,
1661518,平安大华基金管理有限公司,,,171999973.86,,
1661518,中国华电集团财务有限公司,,,99999996.36,,
1661518,华安未来资产管理（上海）有限公司,,,153999993.29,,
1661518,兵工财务有限责任公司,,,89999985.68,,
1661518,中欧盛世资产管理（上海）有限公司,,,64002464.90,,
1661518,发行对象,,,,限售期,
1661520,张曦,,12575507,458000000,,
1661520,庄丽,,5491488,200000000,,
1661520,上证国瓷 1 号定向计划,,3898956,142000000,,
1662329,云南冶金集团股份有限公司,,,,,
1662329,财通基金管理有限公司,,,,,
1662329,上海海通证券资产管理有限公司,,,,,
1662329,申万菱信（上海）资产管理有限公司,,,,,
1662329,李维明,,,,,
1662329,国华人寿保险股份有限公司,,,,,
1662329,国投瑞银基金管理有限公司,,,,,
1662329,华泰资产管理有限公司,,,,,
1662329,广发证券资产管理（广东）有限公司,,,,,
1662329,东海基金管理有限责任公司,,,,,
1662329,温增哲,,,,,
1662329,嘉实基金管理有限公司,,,,,
1662329,招商基金管理有限公司,,,,,
1662329,深圳前海君盛紫石创业投资企业（有限合伙）,,,,,
1662329,海通证券股份有限公司,,,,,
1662330,刘水,,,,,
1662330,招商财富资产管理有限公司,,,,,
1662330,深圳市融通资本财富管理有限公司,,,,,
1662330,金鹰基金管理有限公司,,,,,
1662330,深圳市嘉豪盛实业有限公司,,,,,
1662330,财通基金管理有限公司,,,,,
1662330,广州金融控股集团有限公司,,,,,
1662330,申万菱信（上海）资产管理有限公司,,,,,
1662330,广发证券资产管理（有限）公司,,,,,
1662330,深圳鹏博实业集团有限公司,,,,,
1662330,深圳前海仁创财务顾问有限公司,,,,,
1662908,信晟投资,,217391304,3499999994.40,,
1662908,晟创投资,,186335403,2999999988.30,,
1662908,益民集团,,62111801,999999996.10,,
1662908,上汽投资,,31055900,499999990.00,,
1662908,国盛投资,,31055900,499999990.00,,
1662908,浦科源富达壹,,31055900,499999990.00,,
16630283,农银汇理（上海）资产管理有限公司,,,,,
16630283,建信人寿保险股份有限公司,,,,,
16630283,云南惠君投资合伙企业（有限合伙）,,,,,
16630283,华融瑞通股权投资管理有限公司,,,,,
16630283,财通基金管理有限公司,,,,,
16630283,华安证券股份有限公司,,,,,
16630283,东海基金管理有限责任公司,,,,,
16630283,华泰资产管理有限公司,,,,,
16673325,钱玉英,,784929,,36个月,
16673325,信达-宝鼎成长1号定向资产管理计划,,5447409,,36个月,
1671162,黄浦区国资委,,3200,37248,,
1671162,新世界集团,,500,5820,,
1671162,综艺控股,,8300,96612,,
1671162,诚鼎1号资管计划,,3000,34920,,
1671698,宝源投资,,,30376.565,,
1671698,红宝丽员工持股计划,,,8623.435,,
1671698,金证汇通,,,6000.00,,
1671698,智筵投资,,,4000.00,,
1671698,瑞鑫丰泰,,,1000.00,,
16725941,国泰基金管理有限公司,,65000000,260000000.00,12,
16725941,创金合信基金管理有限公司,,45000000,180000000.00,12,
16725941,财通基金管理有限公司,,103250000,413000000.00,12,
16725941,华融瑞通股权投资管理有限公司,,134000000,536000000.00,12,
16725941,九泰基金管理有限公司,,45000000,180000000.00,12,
16725941,博时基金管理有限公司,,54655000,218620000.00,12,
16725982,国泰基金管理有限公司,,65000000,260000000.00,12,
16725982,创金合信基金管理有限公司,,45000000,180000000.00,12,
16725982,财通基金管理有限公司,,103250000,413000000.00,12,
16725982,华融瑞通股权投资管理有限公司,,134000000,536000000.00,12,
16725982,九泰基金管理有限公司,,45000000,180000000.00,12,
16725982,博时基金管理有限公司,,54655000,218620000.00,12,
16735021,中国航空发动机集团有限公司,,,450000.00,,
16735021,陕西航空产业发展集团有限公司,,,120000.00,,
16735021,贵州产业投资（集团）有限责任公司,,,100000.00,,
16735021,认购对象,,,认购金额（万元）,,
16735021,贵阳市工业投资（集团）有限公司,,,100000.00,,
16735021,沈阳恒信投资管理有限公司,,,60000.00,,
16735021,湖南国企改革发展基金企业（有限合伙）,,,50000.00,,
16735021,诺安基金管理有限公司,,,37000.00,,
16735021,北京东富新投投资管理中心（有限合伙）,,,30000.00,,
16735021,中航基金管理有限公司,,,30000.00,,
16735021,中车金证投资有限公司,,,23000.00,,
16755986,新华制药第一期员工持股计划,,3109686,34672998.90,,
16755986,山东聚赢产业基金合伙企业（有限合伙）,,17930905,199929590.75,,
16803562,泰达宏利基金管理有限公司,,,,12,
16803562,鹏华资产管理有限公司,,,,12,
16803562,财通证券资产管理有限公司,,,,12,
16809084,钟烈华,,,,,
16809084,汇安基金管理有限责任公司,,,,,
16809084,华融瑞通股权投资管理有限公司,,,,,
16809084,财通基金管理有限公司,,,,,
16809084,霍尔果斯富格金天股权投资有限公司,,,,,
16809084,大成基金管理有限公司,,,,,
16809084,南京瑞达信h股权投资合伙企业（有限合伙）,,,,,
16809084,华宝信托有限责任公司,,,,,
1682610,付艳杰,,,99999990.30,,
1682610,崔万涛,,,99999990.30,,
1682610,荣科科技第1期员工持股计划,,,59999994.18,,
1682610,财通基金管理有限公司,,,79999992.24,,
1682610,浙江海宁嘉慧投资合伙企业（有限合伙）,,,49999987.26,,
1682610,合 计,,,389999954.28,,
16835960,申万菱信基金管理有限公司,,,,,
16835960,长城（天津）股权投资基金管理有限责任公司,,,,,
16835960,万家基金管理有限公司,,,,,
16835960,汇安基金管理有限责任公司,,,,,
16835960,浙江广杰投资管理有限公司,,,,,
16835960,国华人寿保险股份有限公司,,,,,
16835960,黄河矿业,,,,,
16835960,陕西黄河矿业（集团）有限责任公司,,,,36,
16836442,国家开发投资公司,,,799999993.01,36,
16836442,中信证券股份有限公司,,,979999988.06,12,
16836442,青岛国信资本投资有限公司,,,1599999986.02,12,
16836442,厦门恒兴集团有限公司,,,802999996.68,12,
16836442,诺德基金管理有限公司,,,1299999994.27,12,
16836442,财通基金管理有限公司,,,873999998.48,12,
16836442,广发基金管理有限公司,,,817999985.01,12,
16836442,国新央企运营（广州）投资基金（有限合伙）,,,825000048.61,12,
16849903,民生证券股份有限公司,,,,,
16849903,认购对象,,,,,
16849903,国寿安保基金管理有限公司,,,,,
16849903,蚌埠高新投资集团有限公司,,,,,
16849903,建信基金管理有限责任公司,,,,,
16849903,北信瑞丰基金管理有限公司,,,,,
16850281,复星安泰,,137299771,,36,
16850281,劲嘉创投,,22883295,,36,
16850281,黄华,,14874141,,36,
16850281,侯旭东,,5034324,,36,
16850281,李德华,,5034324,,36,
16850281,张明义,,3661327,,36,
16896167,长安基金管理有限公司,,,,12,
16896167,国华人寿保险股份有限公司,,,,12,
16896167,建信基金管理有限责任公司,,,,12,
16896167,汇安基金管理有限责任公司,,,,12,
16896167,嘉实基金管理有限公司,,,,12,
16896167,太平洋资产管理有限责任公司,,,,12,
16896167,财通基金管理有限公司,,,,12,
16897407,上海钧犀实业有限公司,,,,12个月,
16897407,黄国典,,,,12个月,
16897407,许丽明,,,,12个月,
16897407,兴全基金管理有限公司,,,,12个月,
16933634,楚昌投资集团有限公司,,101781170,,36个月,
16933634,长城国泰（舟山）产业并购重组基金合伙企业（有限合伙）,,25445292,,36个月,
16933634,湖北中经资本投资发展有限公司,,20356234,,36个月,
16933634,周明德,,15267175,,36个月,
16933634,宁波梅山保税港区厚扬启航二期股权投资中心（有限合伙）,,10178117,,36个月,
16933634,新疆沣华盛鼎股权投资管理有限公司,,10178117,,36个月,
16933635,楚昌投资集团有限公司,,101781170,,36个月,
16933635,长城国泰（舟山）产业并购重组基金合伙企业（有限合伙）,,25445292,,36个月,
16933635,湖北中经资本投资发展有限公司,,20356234,,36个月,
16933635,周明德,,15267175,,36个月,
16933635,宁波梅山保税港区厚扬启航二期股权投资中心（有限合伙）,,10178117,,36个月,
16933635,新疆沣华盛鼎股权投资管理有限公司,,10178117,,36个月,
1697064,上海华谊（集团）公司,,,480299993.00,36,
1697064,易方达基金管理有限公司,,,299999979.28,12,
1697064,财通基金管理有限公司,,,165850064.24,12,
1697064,长安基金管理有限公司,,,159999999.72,12,
1697064,创金合信基金管理有限公司,,,143849977.44,12,
1697064,浙江浙商证券资产管理有限公司,,,129999992.56,12,
1697064,招商财富资产管理有限公司,,,119999982.48,12,
1706203,发行对象,,,,锁定期（月）,
1706203,鹏华资产管理（深圳      ）有限公司,,,,12,
1706203,国投瑞银基金管理有限公司,,,,12,
1706203,财通基金管      理有限公司,,,,12,
1706203,上银瑞金资本管理有限公司,,,,12,
1706203,东海基金管理有限公司,,,,12,
1706203,于福收,,,,12,
1706203,苏州夏启安丰九鼎创业投资中心（有限合伙）,,,,12,
1706203,诺安基金管理有限公司,,,,12,
1706203,申万菱信（上海） 资产管理有限公司,,,,12,
1706203,博时资本管理有限公司,,,,12,
1706203,无,,,,<null>,
1706203,江苏九鼎集团有限公司,,,,36,
1706203,鹏华资产管理（深圳）有限公司,,3331314,54999994.14,,
1706203,财通基金管理有限公司,,3985463,65799994.13,,
1707589,赵东日,,26829268,220000000,,
1707589,潍坊至真至信投资合伙企业（有限合伙）,,8169300,66988260,,
1707589,冀延松,,6117407,50162740,,
1720559,农银无锡股权投资基金企业（有限合伙）,,,52199995.87,,
1720559,新余红树林投资管理中心,,,26099995.35,,
1720559,红豆集团,,,678599998.01,,
1720559,周鸣江,,,5219999.07,,
1720559,龚新度,,,5219999.07,,
1720559,周海燕,,,5219999.07,,
1720559,刘连红,,,5219999.07,,
1720559,周宏江,,,5219999.07,,
1728162,山东钢铁集团有限公司,,198412699,500000001.48,36,
1728162,国华人寿保险股份有限公司,,202380952,509999999.04,12,
1728162,上银瑞金资本管理有限公司,,319444444,804999998.88,12,
1728162,山东省经济开发投资公司,,200396825,504999999.00,12,
1728162,财通基金管理有限公司,,444603174,1120399998.48,12,
1728162,天弘基金管理有限公司,,618888890,1559600002.80,12,
1729255,齐鲁证券（上海）资产管理有限公司,,67500000,2845800000.00,12,
1729255,新华基金管理有限公司,,61400000,2588624000.00,12,
1729255,武昆,,18900595,796849085.20,12,
1732571,唐人神控股,,,100000000,,
1732571,大生行,,,100000000,,
1732571,员工持股计划,,,80000000,,
1732571,湘投高科,,,50000000,,
1732571,德威德佳,,,50000000,,
1732571,温氏投资,,,50000000,,
1732571,刘以林,,,50000000,,
1732571,陈枝,,,50000000,,
1732571,李家权,,,50000000,,
1738459,国光电器股份有限公司第一期员工持股计划,,5402200,4700,,
1738459,江苏润资产管理有限公司【拟筹建和管理的股权投资基金】,,68160919,59300,,
1738459,周海昌先生,,3448275,3000,,
1738459,高歌平先生,,3448275,3000,,
1738459,国光电器第一期员工持股计划,,5402200,,,
1738459,江苏润【拟筹建和管理的股权投资基金】,,68160919,,,
1741141,广州市国资委,,585106382,5499999990.80,,
1741141,广州国发,,265957446,2499999992.40,,
1741141,广州地铁,,106382978,999999993.20,,
1741141,广州电气装备,,26595744,249999993.60,,
1741141,广州城投,,26595744,249999993.60,,
1741141,广州交投,,26595744,249999993.60,,
1741141,万力集团,,26595744,249999993.60,,
1746528,黄年ft,,11690899,,,
1746528,刘国忠,,10355644,,,
1746528,达仁投资,,10296299,,,
1746528,苏州钟鼎,,6196473,,,
1746528,张桂华,,5341020,,,
1746528,庞柳萍,,890170,,,
1746528,张允三,,741808,,,
1746528,上海鼎兰,,479802,,,
1750315,宜华集团,,,30000.00,,
1750315,郭祥彬,,,10000.00,,
1750315,陈乐强,,,10000.00,,
1750643,株洲市国有资产投资控股集团有限公司,,,,36,
1750643,长安平安富贵千金净雅资产管理计划,,,,36,
1755403,财通基金管理有限公司,,,,,
1755403,国华人寿保险股份有限公司,,,,,
1755403,杭州旭达贸易有限公司,,,,,
1755403,谭久刚,,,,,
1755403,田刚,,,,,
1755403,博时资本管理有限公司,,,,,
1755403,海通证券股份有限公司,,,,,
1755403,兴业全球基金管理有限公司,,,,,
1755403,诺安基金管理有限公司,,,,,
1755403,张怀斌,,,,,
1755403,泰康资产管理有限责任公司,,,,,
1755403,-,,,,,
1763543,汇添富基金,,75560802,128000,,
1763543,招商基金,,15643447,26500,,
1763543,信达风盛,,16233766,27500,,
1763543,磐信投资,,16528925,28000,,
1763543,芒果传媒,,11806375,20000,,
1763543,奥娱叁特,,11806375,20000,,
1763543,万家共赢,,5903187,10000,,
1763543,融捷投资,,5903187,10000,,
1763543,广发资管（顺荣三七第1期员工持股计划）,,5903187,10000,,
1767644,恒越投资,,137946879,1038739998.87,,
1767644,朝阳投资,,132880000,1000586400.00,,
1767644,浩泽嘉业,,79000000,594870000.00,,
1767644,川宏燃料,,68000000,512040000.00,,
1767644,京马投资,,63028366,474603595.98,,
1767644,谷欣投资,,40000000,301200000.00,,
1767644,浩然明达,,32000000,240960000.00,,
1769307,中国华录集团有限公司,,19421470,561280483.00,,
1769307,中国华融资产管理股份有限公司,,6913840,199809976.00,,
1769307,宁波华易智诚投资合伙企业（有限合伙）,,8013131,231579485.90,,
1769307,中再资产管理股份有限公司,,13837716,399909992.40,,
1770602,中信国安信息产业股份有限公司,,,50000.00,,
1770602,北京数码视讯科技股份有限公司,,,20000.00,,
1770602,江阴中南重工集团有限公司,,,30000.00,,
1770602,鹏华基金管理有限公司,,,40000.00,,
1770602,北京中融鼎新投资管理有限公司,,,3000000,,
1773330,秦英林先生,,,不低于 30000 万元,,
1773330,钱瑛女士,,,不低于 1000 万元,,
1773330,牧原食品股份有限公司第一期员工持股计划（注）,,,不超过 68000 万元,,
1775266,朱朝阳,,593.63,33000.00,,
1775266,柳州医药第一期员工持股计划,,125.92,7000.00,,
1775266,中国人寿资产管理,,359.78,20000.00,,
1775266,九泰基金拟设立的资产管理计划,,719.55,40000.00,,
1775266,六禾芳甸,,269.83,15000.00,,
1775266,程奉盈森,,359.78,20000.00,,
1775266,光辉嘉耀,,539.67,30000.00,,
1784206,宝源投资,,,21440.0725,,
1784206,红宝丽员工持股计划,,,6015.4850,,
1784206,金证汇通,,,5000.0000,,
1784206,兴全睿众9号资管计划,,,5000.0000,,
1784353,中馀投资,,,,,
1784353,齐泓基金,,,,,
1784353,齐盛电商,,,,,
1791517,精一投资,,1000,26710.00,,
1791517,探索者创业,,1000,26710.00,,
1791517,杨睿博拟设立的有限公司,,1000,26710.00,,
1791517,大连圣亚部分管理层和骨干员工拟设立的有限合伙企业,,40.00,1068.40,,
1800560,上海交大产业投资管理（集团）有限公司,,4618937,99999986.05,,
1800560,上海交大企业管理中心,,4618937,99999986.05,,
1800560,上海赛领并购投资基金合伙企业（有限合伙）,,9237875,199999993.75,,
1800560,上海诚鼎新扬子投资合伙企业（有限合伙）,,9237875,199999993.75,,
1800560,上海赛领讯达股权投资基金合伙企业（有限合伙）,,9237875,199999993.75,,
1800560,上海东顺投资有限公司,,4618937,99999986.05,,
1800560,毛蔚瀛,,4618940,100000051.00,,
1800818,高玉根,,18137848,,,
1800818,苏州富乐成股权投资合伙企业（有限合伙）,,33252721,,,
1800818,陈铸,,21160822,,,
1800818,百年人寿保险股份有限公司,,29020556,,,
1800818,宁夏文佳顺景投资管理中心（有限合伙）,,58041112,,,
1800818,保定市莲池区瑞谷投资咨询中心,,54413543,,,
1800818,广西万赛投资管理中心（有限合伙）,,36275695,,,
1800818,北京元丰达资产管理有限公司,,16928658,,,
1800818,上海霖御投资管理中心（有限合伙）,,22974607,,,
1801017,西藏融金汇通投资有限公司,,,120000,,
1801017,前海开源定增22号资产管理计划,,,38000,,
1801017,西藏金梅花投资有限公司,,,30000,,
1801017,刘展成,,,20816.90,,
1801017,北京融金核心壹号投资中心（有限合伙）,,,16000,,
1801017,北京融金核心叁号投资中心,,,14000,,
1801017,（有限合伙）,,,<null>,,
1801017,桐庐岩华投资管理合伙企业（有限合伙）,,,12000,,
1801017,深圳东源基石资本管理中心（有限合伙）,,,10000,,
1801017,北京融金核心叁号投资中心（有限合伙）,,,14000.00,,
1803846,厚康实业,,22624.00,108592.64,,
1803846,永冠贸易,,5656.00,27148.16,,
1805785,国华人寿保险股份有限公司,,,,,
1805785,华安基金管理有限公司,,,,,
1805785,东海基金管理有限责任公司,,,,,
1805785,财通基金管理有限公司,,,,,
1805785,兴业全球基金管理有限公司,,,,,
1805785,泓德基金管理有限公司,,,,,
1805785,申万菱信（上海）资产管理有限公司,,,,,
1805785,诺安基金管理有限公司,,,,,
1806570,玉环捷瑞,,130277495,82074.82,,
1806570,宁波裕盛,,111111111,70000.00,,
1806570,宁波雨博,,92063492,58000.00,,
1806570,上海爽达,,102063492,64300.00,,
1806570,上海喜待,,100000000,63000.00,,
1806570,宁波万福,,79365079,50000.00,,
1806570,北京天晟,,47619047,30000.00,,
1806570,上海哲萱,,47619047,30000.00,,
1806570,宁波骏和,,39682539,25000.00,,
1806570,深圳名正,,39682539,25000.00,,
1810141,国华人寿保险股份有限公司,,,,,
1810141,华安基金管理有限公司,,,,,
1810141,东海基金管理有限责任公司,,,,,
1810141,财通基金管理有限公司,,,,,
1810141,兴业全球基金管理有限公司,,,,,
1810141,泓德基金管理有限公司,,,,,
1810141,申万菱信（上海）资产管理有限公司,,,,,
1810141,诺安基金管理有限公司,,,,,
1816547,黄浦区国资委,,3200,37248,,
1816547,新世界集团,,500,5820,,
1816547,综艺控股,,8300,96612,,
1816547,诚鼎1号资管计划,,3000,34920,,
1818732,财通基金管理有限公司,,,29999130,,
1818732,博时基金管理有限公司,,,34998180,,
1818779,昌颐投资,,21153140,57600.00,,
1818779,建信基金,,16158648,44000.00,,
1818779,龙尊投资,,14102093,38400.00,,
1818779,金智集团,,7344840,20000.00,,
1819177,广州卡奴迪路服饰股份有限公司第,,780,11895.00,,
1819177,一期员工持股计划,,<null>,<null>,,
1819177,翁华银,,1000,15250.00,,
1819177,江德湖,,1000,15250.00,,
1819177,李恩平,,910,13877.50,,
1819177,何 琳,,700,10675.00,,
1819177,东莞市长久创业投资行（有限合伙）,,700,10675.00,,
1819177,广州瑞德金晟投资管理合伙企业（有限合伙）,,390,5947.50,,
1819177,梁美玲,,300,4575.00,,
1819177,胡卫红,,120,1830.00,,
1819177,寇凤英,,100,1525.00,,
1819177,广州卡奴迪路服饰股份有限公司第一期员工持股计划,,,,,
1819825,建信基金,,,3599999985.20,,
1819825,瑞丰资产,,,1099999994.80,,
1819825,浙银汇智拟设立的杭州汇智,,,197629996.00,,
1819825,杭州汇智,,,不超过20，000,,
1821463,北京鼎鹿中原科技有限公司,,,,2015年11,
1821463,泰康资产管理有限责任公司,,,,<null>,
1821463,上海朱雀珠玉赤投资中心（有限合伙）,,,,<rowspan>,
1821463,建投华文传媒投资有限责任公司,,,,<rowspan>,
1821463,北京瓦力文化传播有限公司,,,,<rowspan>,
1822991,中国北方工业公司,,9615.3846,,12,
1822991,海通国际控股有限公司,,9615.3846,,12,
1822991,中欧盛世资产管理（上海）有限公司,,9615.3846,,12,
1822991,江信基金管理有限公司,,28846.1538,,12,
1822991,华安未来资产管理（上海）有限公司,,19230.7693,,12,
1822991,招商财富资产管理有限公司,,19230.7692,,12,
1823559,宝鼎万企集团有限公司,,,10500,,
1823559,信达-宝鼎成长1号定向资产管理计划,,,9500,,
1823559,海通-宝鼎成长2号集合资产管理计划,,,20000,,
1823559,蒋益民,,,20000,,
1825030,中广核资本控股有限公司,,,,,
1825030,创金合信基金管理有限公司,,,,,
1825030,北信瑞丰基金管理有限公司,,,,,
1825030,平安大华基金管理有限公司,,,,,
1825030,泓德基金管理有限公司,,,,,
1825030,博时资本管理有限公司,,,,,
1825030,财通基金管理有限公司,,,,,
1825030,兴证证券资产管理有限公司,,,,,
1825030,东海基金管理有限责任公司,,,,,
1825030,舟ft金铭投资管理有限公司,,,,,
1825030,浙江天堂硅谷久鸿股权投资合伙企业（有限合伙）,,,,,
1825030,恒泰证券股份有限公司,,,,,
1825030,汇添富基金管理股份有限公司,,,,,
1825030,泰康资产管理有限责任公司,,,,,
1825030,鹏华资产管理（深圳）有限公司,,,,,
1825030,诺安基金管理有限公司,,,,,
1825030,齐立,,,,,
1825030,郑海若,,,,,
1825844,富彦斌,,26863666,40000,,
1825844,宋宇海,,11148421,16600,,
1825844,东方汇智-金树街10号专项资产管理计划,,2283411,3400,,
18285630,杨建平,,3800674,112499950.40,,
18285630,嘉实基金,,3040539,89999954.40,,
18285630,新华基金,,2027026,59999969.60,,
18285630,金禾创投,,1266891,37499973.60,,
18286625,财通基金管理有限公司,,,,,
18286625,浙江浙商证券资产管理有限公司,,,,,
18286625,中科沃土基金管理有限公司,,,,,
18286625,金鹰基金管理有限公司,,,,,
18286625,马跃平,,,,,
18286625,认购对象,,,,,
18297623,陈清州,,34563246,,36个月,
18297623,招证资管-海能达第三期员工持股计划,,32235188,,36个月,
183385,永泰投资控股有限公司,,,,2015年3月6日,
183385,天津吉融股权投资合伙企业,,,,2013年3月6日,
183385,中国华电集团资本控股有限公司,,,,2013年3月6日,
183385,重庆昊海源信投资中心,,,,2013年3月6日,
183385,重庆北江汇宇投资中心,,,,2013年3月6日,
183385,中国长城资产管理公司,,,,2013年3月6日,
1836392,康美实业,,206851971,320000,,
1836392,华安资管,,161603102,250000,,
1836392,长城国瑞,,96961861,150000,,
1836392,天堂硅谷,,51712992,80000,,
1836392,广发资管,,6464124,10000,,
1841342,达汇动力,,,,,
1841342,宁波源境,,,,,
1841342,宁波天吉,,,,,
1841342,宁波风清,,,,,
1841342,宁波柏青,,,,,
1841859,帅放文,,23282887,,36,
1841859,彭杏妮,,46565774,,36,
1841859,夏哲,,23282887,,36,
1841859,泰达宏利,,23282887,,36,
1841859,合 计,,116414435,,--,
1848523,博时基金管理有限公司,,,259999586,,
1848523,兴业全球基金管理有限公司,,,170002392,,
1848523,杨廷栋,,,279999832,,
1848523,财通基金管理有限公司,,,314999510,,
1848523,诺安基金管理有限公司,,,251999608,,
1848523,申万菱信基金管理有限公司,,,502999896,,
1848523,安信基金管理有限责任公司,,,269999408,,
1848523,申万菱信（上海）资产管理有限公司,,,399999502,,
1848523,总计,,,2449999734,,
1852693,正元投资有限公司,,100886524,568999995.36,36,
1855144,第一创业证券股份有限公司,,1016.7589,,12,
1855144,财通基金管理有限公司,,2095.2933,,12,
1855144,诺安基金管理有限公司,,615.9217,,12,
1855144,东海基金管理有限责任公司,,603.4863,,12,
1855144,申万菱信（上海）资产管理有限公司,,1653.4323,,12,
1860511,青海发展投资,,不超过25000万股,不超过144000万元,,
1860511,上海穆昭,,不超过20000万股,不超过115200万元,,
1860511,青海机电,,不超过10000万股,不超过57600万元,,
1860511,青海物资产业,,不超过10000万股,不超过57600万元,,
1860511,青海汽车运输,,不超过10000万股,不超过57600万元,,
1860511,国华人寿,,不超过10000万股,不超过57600万元,,
1860511,邓建宇,,不超过10000万股,不超过57600万元,,
1860511,新疆泰达,,不超过5000万股,不超过28800万元,,
1860511,西宁特钢第一期员工持股计划,,不超过389.90万股,不超过2245.824万元,,
1862176,甘肃兴陇资本管理有限公司,,,,12 个月,
1862176,兰州永新大贸贸易有限责任公司,,,,12 个月,
1862176,华融证券股份有限公司,,,,12 个月,
1862176,财通基金管理有限公司,,,,12 个月,
1862176,八冶建设集团有限公司,,,,12 个月,
1863554,广州卡奴迪路服饰股份有限公司第一期员工持股计划,,780,11895.00,,
1863554,翁华银,,1000,15250.00,,
1863554,江德湖,,1000,15250.00,,
1863554,李恩平,,910,13877.50,,
1863554,何 琳,,700,10675.00,,
1863554,东莞市长久创业投资行（有限合伙）,,500,7625.00,,
1863554,广州瑞德金晟投资管理合伙企业（有限合伙）,,390,5947.50,,
1863554,梁美玲,,180,2745.00,,
1863554,胡卫红,,120,1830.00,,
1863554,寇凤英,,100,1525.00,,
1865212,中车株洲电力机车研究所有限公司,,,,36个月,
1866340,浙江东南网架集团有限公司,,,,36个月,
1866340,上海木正投资中心（有限合伙）,,,,36个月,
1866340,上海昂钰投资中心（有限合伙）,,,,36个月,
1866340,上海璞煜投资中心（有限合伙）,,,,36个月,
1866340,上海金匀投资合伙企业（有限合伙）,,,,36个月,
1866340,合 计,,,,-,
1866340,东南集团,,,,36个月,
1866340,木正投资,,,,36个月,
1866340,昂钰投资,,,,36个月,
1866340,璞煜投资,,,,36个月,
1866340,金匀投资,,,,36个月,
1866949,张新育,,13344476,16040.06,,
1866949,朱明,,2024958,2434.00,,
1866949,郭文亮,,1012479,1217.00,,
1866949,安志钢,,506240,608.50,,
1866949,申威,,506240,608.50,,
1866949,王建,,506240,608.50,,
1866949,段佩璋,,8322579,10003.74,,
1866949,唐朝霞,,4161290,5001.87,,
1866949,周卓和,,4161290,5001.87,,
1866949,诺安基金,,2915940,3504.96,,
1868683,西藏莱美,,,,36个月,
1868683,瑞森投资,,,,36个月,
1868683,郑伟光,,,,36个月,
1868683,合 计,,,,-,
186887,陈高琪,,2538,,,
186887,上海F晟股权投资管理中心（有限合伙）,,3330,,,
186887,华宝信托有限责任公司,,4560,,,
186887,宁波景隆融方股权投资基金合伙企业（有限合伙）,,2540,,,
186887,北京中金祥合资产管理有限公司,,5100,,,
186887,江苏瑞华投资控股集团有限公司,,5000,,,
186887,观唐投资控股有限公司,,3158.73,,,
186887,上海F晟股权投资管理中心（有限合伙）、,,3330.00,,,
1869024,邓亲华,,9426848,249999997.40,,
1869024,东海瑞京―瑞龙11号,,9426848,249999997.40,,
1869024,光大资本,,7541477,199999987.30,,
1869024,长城国融,,7541477,199999987.30,,
1869024,天风证券,,3770739,99999993.66,,
1869824,深圳市汇鼎达投资发展有限公司,,2500,24000,,
1869824,长信基金-聚富2号资产管理计划,,2000,19200,,
1869824,深圳前海鋈寄茉醋试赐蹲视邢薰司,,1700,16320,,
1869824,新余信德投资管理中心（有限合伙）,,1000,9600,,
1869824,汇添富-定增盛世70号资产管理计划,,600,5760,,
1869824,上海汇朝资产管理有限公司,,533.3333,5120,,
1869824,中国食品发酵工业研究院,,208.3333,2000,,
1869869,兴证资管,,,286634682.08,,
1869869,王云友,,,367786675.06,,
1869869,中关村国盛,,,298666652.47,,
1869869,润晖香港,,,122111999.23,,
1869869,国开泰富,,,204799988.43,,
1871298,中信兴业投资集团有限公司,,,1294919998.19,60,
1871298,中信建设有限责任公司,,,997919993.07,60,
1871298,深圳市信农投资中心（有限合伙）,,,498960002.45,60,
1871298,现代种业发展基金有限公司,,,47519997.98,60,
1871298,汇添富－优势企业定增计划5号资产管理计划,,,237600001.73,60,
1871696,工银瑞信基金管理有限公司,,35171862,,,
1871696,北京中吉金投资产管理有限公司,,79936051,,,
1871696,鹏华资产管理（深圳）有限责任公司,,31974420,,,
1871696,财通基金管理有限公司,,75139888,,,
1871696,中欧盛世博恩晋源1号资产管理计划,,49560351,,,
1871696,申万菱信（上海）资产管理有限公司,,38217428,,,
1871696,中欧盛世资产-民生银行-中欧盛世博恩晋源1号资产管理计划,,,,12,
1873322,京新控股,,14630577,40000.00,,
1873322,员工持股计划,,4389173,12000.00,,
1873322,硅谷长瑞,,3657644,10000.00,,
1873322,镜鸾投资,,7315288,20000.00,,
1873322,若沐投资,,3657644,10000.00,,
1873322,曹国熊,,1828822,5000.00,,
1873322,石文钰,,1097293,3000.00,,
1873322,发行对象,,认购股份数量（股）,认购金额（万元）,,
1873989,兴证资管,,,286634682.08,,
1873989,王云友,,,367786675.06,,
1873989,中关村国盛,,,298666652.47,,
1873989,润晖香港,,,122111999.23,,
1873989,国开泰富,,,204799988.43,,
1874753,吴光明,,1703581,,,
1874753,云锋新创,,5678591,,,
1874753,盛宇投资,,5110732,,,
1874753,朱雀投资,,2839295,,,
1874753,西藏瑞华,,2839295,,,
1874753,宋文雷,,2839295,,,
1874753,员工持股计划,,3975014,,,
1874753,发行对象,,,,限售期（月）,
1875380,中国烟草总公司,,2147469539,11918455941.45,36个月,
18761001,北信瑞丰基金管理有限公司,,,,,
18761001,中意资产管理有限责任公司,,,,,
18761001,上海东方证券资产管理有限公司,,,,,
18761001,兵工财务有限责任公司,,,,,
18761001,汇添富基金管理股份有限公司,,,,,
18761001,深圳南山鸿泰股权投资基金合伙企业（有限合伙）,,,,,
18761001,博时基金管理有限公司,,,,,
18761001,上海理成资产管理有限公司,,,,,
18761001,深圳南山鸿泰股权投资基金合伙企业,,,,,
18776214,宁波东方集团有限公司,,8695652,99999998.00,36,
18776214,金鹰基金管理有限公司,,17652173,202999989.50,12,
18776214,金元顺安基金管理有限公司,,18000000,207000000.00,12,
18776214,泰达宏利基金管理有限公司,,17391304,199999996.00,12,
18776214,宁波东方集团有限,,8695652,99999998.00,36,
18776214,发行对象名称,,配售股数（股）,配售金额（元）,限售期(月),
18776214,公司,,<null>,<null>,<null>,
18832380,中建新疆建工（集团）有限公司,,,,36,
18832380,中英益利资产管理股份有限公司,,,,12,
18832380,泰达宏利基金管理有限公司,,,,12,
18832380,九泰基金管理有限公司,,,,12,
18832380,北信瑞丰基金管理有限公司,,,,12,
18832380,浙江广杰投资管理有限公司,,,,12,
18832380,国华人寿保险股份有限公司,,,,12,
18832380,财通基金管理有限公司,,,,12,
18832380,华泰资产管理有限公司-策略投资产品,,,,12,
18832380,华泰资产管理有限公司-定增全周期资产管理产品,,,,12,
18875926,汇添富基金管理股份有限公司,,,89999997.18,12,
18875926,中国对外经济贸易信托有限公司,,,49999993.69,12,
18875926,泰康资产管理有限责任公司,,,29999999.06,12,
18875926,博时基金管理有限公司,,,40000017.72,12,
18875926,财通基金管理有限公司,,,48999994.67,12,
18875928,汇添富基金管理股份有限公司,,,,12,
18875928,中国对外经济贸易信托有限公司,,,,12,
18875928,泰康资产管理有限责任公司,,,,12,
18875928,博时基金管理有限公司,,,,12,
18875928,财通基金管理有限公司,,,,12,
1888234,叶小平,,13473053,179999988.08,36,
1888234,曹晓春,,5239521,70000000.56,36,
1888234,上海季广投资管理中心（有限合伙）,,7485030,100000000.80,36,
1888234,宁波鼎亮睿兴股权投资中心（有限合伙）,,7485030,100000000.80,36,
1888234,国金涌铧价值成长定增集合资产管理计划,,3742515,50000000.40,36,
1888282,南一农集团,,,,36个月,
1888282,合 计,,,,-,
1888475,嘉实基金管理有限公司,,,,,
1888475,招商财富资产管理有限公司,,,,,
1888475,鹏华资产管理（深圳）有限公司,,,,,
1888475,国联证券股份有限公司,,,,,
1888475,财通基金管理有限公司,,,,,
1888475,安徽国元信托有限责任公司,,,,,
1888475,兴业全球基金管理有限公司,,,,,
1888475,中国银河证券股份有限公司,,,,,
1888475,泰康资产管理有限责任公司,,,,,
1890155,陈海斌,,1950,57876.00,,
1890155,杭州迪安控股有限公司,,650,19292.00,,
1890155,迪安员工共赢 1 号资产管理计划,,390,11575.20,,
1890155,中信证券健康共享优质增发集合资产管理计划,,390,11575.20,,
1892869,新理益集团,,1500000000,5085000000.00,36,
1892869,刘益谦,,850000000,2881500000.00,36,
1892869,王薇,,555604700,1883499933.00,36,
1895262,青尚股权,,15249714,,,
1895262,深圳鼎江,,11437285,,,
1895262,深圳平湖,,11437285,,,
1895262,景和道,,7624857,,,
1895262,宁波中汇,,3812428,,,
1895262,莫杨岛川,,7624857,,,
1897416,林建伟,,,118043.76,,
1897416,林峻,,,14304.00,,
1897416,陶晓海,,,14304.00,,
1897416,上海易津财宁投资中心（有限合伙）,,,5364.00,,
1904522,杉杉控股有限公司,,,206730,,
1904522,华夏人寿保险股份有限公司,,,68910,,
1904522,天安财产保险股份有限公司,,,68910,,
1907173,河南豫联能源集团有限责任公司,,,,,
1907173,厦门豫联投资合伙企业（有限合伙）,,,,,
1907173,南通卓联资产管理有限公司,,,,,
1907173,合恩伟业（深圳）资产管理中心（有限合伙）,,,,,
1907173,北京银杏盛鸿投资管理有限公司,,,,,
1907173,厦门文创汇通投资合伙企业（有限合伙）,,,,,
1907173,北京蓝巨房地产投资基金管理中心（有限合伙）,,,,,
1907173,厦门向日葵朝阳投资合伙企业（有限合伙）,,,,,
19197291,九州通医药集团股份有             限公司,,23437500,360000000.00,12,
19197291,国寿安保基金管理有限             公司,,22786458,349999994.88,12,
19197291,财通基金管理有限公司,,24733072,379899985.92,12,
19197291,中意资产管理有限责任             公司,,13020833,199999994.88,12,
19197291,重庆市供销合作发展股,,6977541,107175029.76,12,
19197294,太极集团有限公司,,12999674,199674992.64,36,
19197294,财通基金管理有限公司,,24733072,379899985.92,12,
19197294,中意资产管理有限责任公司,,13020833,199999994.88,12,
19197294,国寿安保基金管理有限公司,,22786458,349999994.88,12,
19197294,成都地方建筑机械化工程有限公司,,13020833,199999994.88,12,
19197294,重庆市供销合作发展股权投资基金有限公司,,6977541,107175029.76,12,
19197294,九州通医药集团股份有限公司,,23437500,360000000.00,12,
19197294,重庆市涪陵国有资产投资经营集团有限公司,,13020833,199999994.88,12,
19197294,国寿安保基金管理有限公             司,,,,,
19197294,成都地方建筑机械化工程,,,,,
19217633,均瑶集团,,,,36               个月,
19217633,184,782,608,,,,,
1924003,旭日隆昌,,7813911,,,
1924003,恒益达昌,,24751580,,,
1924003,尊雅锦绣,,27597109,,,
1924003,旭日九嘉,,6775067,,,
1924003,宏康众望,,6775067,,,
1924003,嘉润宏实,,1806684,,,
1924003,睿宏嘉业,,5781391,,,
1924003,智宸宇投资,,25654923,,,
1924003,博锐奇投资,,12014453,,,
1924003,鼎睿宇投资,,12014453,,,
1924003,鼎睿宇,,12014453,,,
1928349,中国节能,,408278920,,,
1928349,蹈德咏仁,,35320699,,,
1928349,中新建招商,,34705908,,,
1928349,邦信资产,,25781532,,,
1928349,欧擎北源,,25781532,,,
1928349,西域红业,,25781532,,,
1928349,沃乾润,,25781532,,,
1928349,谦德咏仁,,23074471,,,
1928349,深圳华禹,,32613638,,,
1928349,山南锦龙,,20625225,,,
1928349,欧擎北能,,18047072,,,
1928349,中节新能,,14953288,,,
1928349,中核投资,,12890766,,,
1928349,西证阳光,,12890766,,,
1928349,招商局银科,,4957987,,,
1928349,合众建能,,4898491,,,
1930268,刘益谦,,,,,
19304479,华宝（上海）股权投资基金管             理有限公司,,,,12,
19304479,华融瑞通股权投资管理有限公司,,,,12,
19304479,九泰基金管理有限公司,,,,12,
19304479,诺德基金管理有限公司,,,,12,
19304479,鹏华资产管理有限公司,,,,12,
19304479,财通基金管理有限公司,,,,12,
19304479,北信瑞丰基金管理有限公司,,,,12,
19304479,民生加银基金管理有限公司,,,,12,
19304479,获配小计,,,,,
19304479,无,,,,,
19304479,获配总计,,,,,
19304479,发行对象,,,,<colspan>,
19398244,汇金公司,,,40026900000,,
19398244,财政部,,,39213000000,,
19398244,中国烟草总公司,,,10000000000,,
19398244,上海海烟投资管理有限公司,,,5000000000,,
19398244,中维资本,,,3000000000,,
19398244,中国烟草总公司湖北省公司,,,2000000000,,
19398244,新华保险,,,760100000,,
200325,天通高新集团有限公司,,10500000,,36,
200325,华富基金管理有限公司,,18165304,,12,
200325,周蓉,,18165304,,12,
200325,上银瑞金资产管理（上海）有限公司,,18251362,,12,
200325,国华人寿保险股份有限公司,,31676021,,12,
200325,招商财富资产管理有限公司,,19981834,,12,
200325,青岛荣瑞品实业有限公司,,27247956,,12,
200325,杭州羽南实业有限公司,,36330608,,12,
200325,东海基金管理有限责任公司,,1334653,,12,
20238893,黑龙江省建设集团有限公司,,,470236800.00,36个月,
2024189,华安未来资产管理（上海） 有限公司,,23700000,306915000.00,12,
2024189,北信瑞丰基金管理有限公司,,18800000,243460000.00,12,
2024189,中广核资本控股有限公司,,16000000,207200000.00,12,
2024189,中欧盛世资产管理（上海） 有限公司,,16000000,207200000.00,12,
2024189,刘建国,,5500000,71225000.00,12,
20265573,中材国信投（天津）             投资管理有限公司,,,,12,
20265573,常州金沙科技投资有             限公司,,,,12,
20265573,泰达宏利基金管理有             限公司,,,,12,
20265573,财通基金管理有限公             司,,,,12,
20265573,中国人寿资产管理有             限公司-中国人寿保险股份有限公司               -              分红               -              个人分红,,,,12,
20265573,华宝（上海               )              股权投资             基金管理有限公司,,,,12,
20265573,-,,,,-,
20265573,中材国信投（天津）投资管             理有限公司,,,,12,
20265573,常州金沙科技投资有限公司,,,,12,
20265573,泰达宏利基金管理有限公司,,,,12,
20265573,财通基金管理有限公司,,,,12,
20265573,中国人寿资产管理有限公司             -中国人寿保险股份有限公司               -              分红               -              个人分红,,,,12,
20265573,中材国信投（天津）投资管理有限公司,,,,,
20265573,中国人寿资产管理有限公司-中国人寿             保险股份有限公司               -              分红               -              个人分红,,,,,
20273837,农银国际投资（苏州）有限公司,,,,,
20273837,鹏华资产管理有限公司,,,,,
20273837,农银国联无锡投资管理有限公司,,,,,
20273837,18,906,489,,,,,
20275258,华鲁投资发展有限公司,,21621621,199999994.25,36               个月,
20275258,山东发展投资控股集团有限公司,,21621621,199999994.25,12               个月,
20275258,财通基金管理有限公司,,14270270,131999997.50,12               个月,
20275258,济南文景投资合伙企业（有限合             伙）,,11351351,104999996.75,12               个月,
20275258,鲁资创业投资有限公司,,10302702,95299993.50,12               个月,
20275258,济南国惠兴鲁股权投资基金合伙             企业（有限合伙）,,10302702,95299993.50,12               个月,
20275258,山东运金股权投资有限公司,,6054054,55999999.50,12               个月,
20284887,中国人寿资产管理有限公司,,,,12,
20284887,华融证券股份有限公司,,,,12,
20284887,中意资产管理有限责任公司,,,,12,
20284887,九泰基金管理有限公司,,,,12,
20284887,财通基金管理有限公司,,,,12,
20284887,中国人寿资产管理             有限公司,,,,,
20310150,北信瑞丰基金管理有限公司,,,249999984.15,,
20310150,广东省铁路发展基             金有限责任公司,,,199999987.32,,
20310150,圆信永丰基金管理有限公司,,,245999973.24,,
20310150,中意资产管理有限             责任公司,,,279000039.99,,
20314846,金元顺安基金管理有限公司,,,,12,
20314846,新余东西精华金融科技投资合伙企业（有限合伙）,,,,12,
20314846,湖北长江航天股权投资基金管理有限公司,,,,12,
20360204,王继华,,,,,
20360204,南京丰同投资中心（有限合伙）,,,,,
2099586,金陵控股,,134969325.00,110000.00,,
2099586,金海汇投资,,31288343.00,25500.00,,
2099586,三峡资本,,24539877.00,20000.00,,
2099586,中邮资产,,24539877.00,20000.00,,
2099586,和嘉资本,,12269938.00,10000.00,,
2099586,和诚智益,,5521472.00,4500.00,,
212820,中皇有限公司,,328.1847,,,
212820,张寿清,,300,,,
212820,上海洛瑞尔投资管理合伙企业（有限合伙）,,362,,,
212820,天津盛熙股权投资基金合伙企业（有限合伙）,,300,,,
212820,天津凯石富利股权投资基金合伙企业（有限合伙）,,400,,,
212820,上海丹晟创业投资有限公司,,300,,,
212820,鹏华基金管理有限公司,,197.7133,,,
212820,合  计,,2187.8980,,,
2131520,张曦,,,,,
2131520,庄丽,,,,,
2131520,上海证券-国瓷 1 号定向资产管理计划,,,,,
2131520,上海证券-国瓷1 号定向资产管理计划,,,,,
2155395,曹飞,,,,36,
2155395,百川资管,,,,36,
2158065,华安未来资产管理（上海） 有限公司,,23700000,306915000.00,12,
2158065,北信瑞丰基金管理有限公司,,18800000,243460000.00,12,
2158065,中广核资本控股有限公司,,16000000,207200000.00,12,
2158065,中欧盛世资产管理（上海） 有限公司,,16000000,207200000.00,12,
2158065,刘建国,,5500000,71225000.00,12,
220133,上海盛宇股权投资中心（有限合伙）,,1720,,12,
220133,大成基金管理有限公司,,2500,,12,
220133,其中：<1>中国银行-大成蓝筹稳健证券投资基金,,1000,,<rowspan>,
220133,<2>中国农业银行-大成创新成长混合型证券投资基金,,1500,,<rowspan>,
220133,中国人寿资产管理有限公司,,3200,,12,
220133,其中：<1>中国人寿保险（集团）公司-传统-普通保险产品,,1500,,<rowspan>,
220133,<2>中国人寿保险股份有限公司-分红-个人分红-005L-FH002沪,,1000,,<rowspan>,
220133,<3>中国人寿财产保险股份有限公司-传统-普通保险产品,,700,,<rowspan>,
220133,上海证大投资管理有限公司,,1700,,12,
2205618,苏州德威投资有限公司,,50268096,374999996.16,,
2205618,李日松,,20107239,150000002.94,,
2205618,拉萨经济技术开发区香塘投资管理有限公司,,10053619,74999997.74,,
221762,浙江浙商证券资产管理有限公司,,9000000,68940000,12,
221762,周雪钦,,2500000,19150000,12,
221762,牛国珠,,2900000,22214000,12,
221762,工银瑞信基金管理有限公司,,3000000,22980000,12,
221762,上海证大投资管理有限公司,,4000000,30640000,12,
221762,合众人寿保险股份有限公司,,4500000,34470000,12,
221762,朱,,2483420,19022997,12,
221762,浙商证券―光大―浙商汇金灵活定增集合资产管理计划,,7000000,,12,
221762,浙商证券―工行―浙商汇金精选定增集合资产管理计划,,2000000,,12,
221762,工银瑞信基金公司―工行―外贸信托―恒盛定向增发投资集合资金信托计划,,3000000,,12,
221762,合众人寿保险股份有限公司―分红―个险分红,,4500000,,12,
2224818,牧原集团,,,不低于 400000 万元,,
2224818,牧原食品股份有限公司第二期员工持股计划,,,不超过 100000 万元,,
2234561,上海界龙集团有限公司,,1200,19596,,
2234561,南通乐源汇达资产管理有限公司,,1500,24495,,
2234561,建信基金管理有限责任公司,,2100,34293,,
2234561,三一重工股份有限公司,,1200,19596,,
2234561,合   计,,6000,97980,,
2244217,许锡忠,,13529.4117,80500.0000,,
2244217,前海佳浩,,10517.6470,62580.0000,,
2244217,华昊投资,,5008.4033,29800.0000,,
2244217,前海富荣,,3163.0252,18820.0000,,
2244217,陈庚发,,2811.5779,16728.8888,,
2244217,海之门休闲,,3584.3137,21326.6668,,
2244217,蒙商基金,,3005.0420,17880.0000,,
2244217,前海世嘉方盛,,1405.7889,8364.4444,,
2244218,许锡忠,,13529.4117,80500.0000,,
2244218,前海佳浩,,10517.6470,62580.0000,,
2244218,华昊投资,,5008.4033,29800.0000,,
2244218,前海富荣,,3163.0252,18820.0000,,
2244218,陈庚发,,2811.5779,16728.8888,,
2244218,海之门休闲,,3584.3137,21326.6668,,
2244218,蒙商基金,,3005.0420,17880.0000,,
2244218,前海世嘉方盛,,1405.7889,8364.4444,,
2260699,胜利投资,,16313213,99999995.69,,
2260699,阳光人寿,,48939641,299999999.33,,
2260699,平安资管,,40783034,249999998.42,,
2262702,淮矿集团,,44692737,400000000.00,,
2262702,皖投工投,,11173184,100000000.00,,
2262702,铁路基金,,11173184,100000000.00,,
2269062,恒大人寿保险有限公司,,,649980000.00,,
2269062,西藏东方富通投资有限公司,,,600000000.00,,
2269062,古少明,,,528000000.00,,
2269062,李素玉,,,100000000.00,,
2269062,古少波,,,40000000.00,,
2269062,古朴,,,30000000.00,,
2269062,古少扬,,,30000000.00,,
2274567,平安大华基金管理有限公司,,,,,
2274567,易方达基金管理有限公司,,,,,
2274567,财通基金管理有限公司,,,,,
2274567,华鑫证券有限责任公司,,,,,
2274567,东海基金管理有限责任公司,,,,,
2274567,申万菱信（上海） 资产管理有限公司,,,,,
2274567,申万菱信基金管理有限公司,,,,,
2274567,诺安基金管理有限公司,,,,,
2274567,第一创业证券股份有限公司,,,,,
2274567,宝盈基金管理有限公司,,,,,
2274567,兴业全球基金管理有限公司,,,,,
2274567,申万菱信（上海）资产管理有限公司,,,,,
2314575,李华青,,1615.7142,25447.50,,
2314575,合力投资,,460.3174,7250.00,,
2314575,西藏瑞华,,376.6666,5932.50,,
2314575,弘德源,,1904.7620,30000.00,,
2314575,财通基金管理的资产管理计划,,698.4125,11000.00,,
2314575,时则投资,,634.9207,10000.00,,
2314575,石家庄合力投资咨询中心（有限合伙）,,,,,
2314575,苏州弘德源投资管理中心（有限合伙）,,,,,
2314575,西藏瑞华资本管理有限公司,,,,,
2314575,厦门时则股权投资管理合伙企业（有限合伙）,,,,,
2314575,财通基金管理有限公司管理的资产管理计划,,,,,
2341154,广安神龙投资有限公司,,2000,,36 个月,
2341154,新疆天弘旗实业有限公司,,5000,,36 个月,
2341154,四川大耀实业有限责任公司,,7000,,36 个月,
2341154,四川裕嘉阁酒店管理有限责任公司,,7000,,36 个月,
2341154,杨林,,2000,,36 个月,
2341154,四川裕嘉阁酒店管理有限责任公,,7000,,36 个月,
2355520,陈成辉,,,,,
2355520,北京京泰阳光投资有限公司,,,,,
2355520,厦门象屿金象控股集团有限公司,,,,,
2355520,第一创业证券股份有限公司,,,,,
2355520,泰达宏利基金管理有限公司,,,,,
2355520,财通基金管理有限公司,,,,,
2355520,华鑫证券有限责任公司,,,,,
2355521,林芝清创,,35971223,950000000.00,,
2355521,紫光通信,,543370265,14350408700.00,,
2355521,健坤爱清,,9466111,250000000.00,,
2355521,同方计算机,,28398333,750000000.00,,
2355521,上海华信,,35971223,950000000.00,,
2355521,中加基金,,79136690,2090000000.00,,
2355521,国研天成,,35971223,950000000.00,,
2355521,首期1号员工持股计划,,20257478,534999993.98,,
2355521,首期2号员工持股计划,,47680616,1259245068.56,,
2359908,山东省国有资产投资控股有限公司,,25000000,161500000,,
2359908,湖北新海天投资有限公司,,25000000,161500000,,
2359908,长沙琛远财务咨询有限公司,,1500000,9690000,,
2359908,国联证券股份有限公司,,7454000,48152840,,
2359908,中信证券股份有限公司设立的中信证券岳,,不超过6100000,不超过39406000,,
2359908,认购对象,,认购数量（股）,认购金额（元）,,
2359908,阳林纸员工持股计划1期定向资产管理计划,,<null>,<null>,,
2359908,刘建国,,90000000,581400000,,
2372195,北京国开汉富中金投资中心（有限合伙）,,,,,
2372195,北京国开汉富银泰投资中心（有限合伙）,,,,,
2372195,长城国瑞证券有限公司,,,,,
2372195,深圳盈合汇德投资中心（有限合伙）,,,,,
2372195,深圳盈合汇智投资中心（有限合伙）,,,,,
2372195,上海褚富投资管理中心（有限合伙）,,,,,
2372195,国开汉富中金,,,,,
2372195,国开汉富银泰,,,,,
2372195,长城国瑞,,,,,
2372195,盈合汇德,,,,,
2372195,盈合汇智,,,,,
2372195,褚富投资,,,,,
2375473,申万菱信基金管理有限公司,,,,,
2375473,安信证券股份有限公司,,,,,
2375473,财通基金管理有限公司,,,,,
2375473,天安财产保险股份有限公司,,,,,
2375473,博时基金管理有限公司,,,,,
2377777,昌颐投资,,21153140,57600.00,,
2377777,建信基金,,16158648,44000.00,,
2377777,龙尊投资,,14102093,38400.00,,
2377777,金智集团,,7344840,20000.00,,
240778,青海四维信用担保有限公司,,,18544.95,36,
240778,西宁城市投资管理有限公司,,,10260.00,36,
240778,西宁经济技术开发区投资控股集团有限公司,,,5130.00,36,
2442805,厚康实业,,20864.88,100151.40,,
2442805,永冠贸易,,5216.22,25037.85,,
267476,广东温氏投资有限公司,,,,,
267476,华泰资产管理有限公司,,,,,
267476,新华基金管理有限公司,,,,,
267476,东吴证券股份有限公司,,,,,
267476,北京瑞丰投资管理有限公司,,,,,
267476,金鹰基金管理有限公司,,,,,
267476,广发乾和投资有限公司,,,,,
267476,北京国际信托有限公司,,,,,
267476,财通基金管理有限公司,,,,,
267476,银华基金管理有限公司,,,,,
267476,中国航天科工集团公司,,,11575.2978,,
267476,航天科工资产管理有限公司,,,3858.432885,,
283382,赛伯乐集团,,6809.3385,35000.00,,
283382,卓创众银,,3307.3930,17000.00,,
283382,北京云诺,,3307.3930,17000.00,,
283382,宁波赛客,,3307.3930,17000.00,,
283382,宁波赛特,,3307.3930,17000.00,,
283382,南京创毅,,3307.3930,17000.00,,
285109,恒越投资,,17008.79,102563.00,,
285109,睿康投资,,12000.00,72360.00,,
285109,川宏燃料,,8500.00,51255.00,,
285109,国泰铭源,,8500.00,51255.00,,
285109,朝阳投资,,8500.00,51255.00,,
285109,浩泽嘉业,,8000.00,48240.00,,
285109,京马投资,,7200.00,43416.00,,
285109,谷欣投资,,5100.00,30753.00,,
285109,逸合投资,,5100.00,30753.00,,
285109,浩然明达,,5000.00,30150.00,,
285645,上银基金管理有限公司,,,,12,
285645,国华人寿保险股份有限公司,,,,12,
285645,方正富邦基金管理有限公司,,,,12,
285645,财通基金管理有限公司,,,,12,
285645,海航物流集团有限公司,,,,36,
288855,广州国发,,74204946.00,629999991.54,,
288855,浪奇资管计划,,2351000.00,19959990.00,,
291289,华宝信托有限责任公司,,,,,
291289,财通基金管理有限公司,,,,,
291289,博时基金管理有限公司,,,,,
291289,泰达宏利基金管理有限公司,,,,,
291289,易方达基金管理有限公司,,,,,
291289,信达证券股份有限公司,,,,,
291289,申万菱信（上海）资产管理有限公司,,,,,
291289,安信证券股份有限公司,,,,,
291289,汇添富基金管理股份有限公司,,,,,
291289,王凤仙,,,,,
291289,宝盈基金管理有限公司,,,,,
291289,兴业全球基金管理有限公司,,,,,
291289,中信证券股份有限公司,,,,,
291628,华夏人寿保险股份有限公司,,,,,
291628,博时基金管理有限公司,,,,,
291628,中国银河证券股份有限公司,,,,,
291628,张友明,,,,,
291628,发行对象,,,,,
291628,百年人寿保险股份有限公司,,,,,
291628,广州市广永国有资产经营有限公司,,,,,
291628,广发基金管理有限公司,,,,,
291628,安信基金管理有限公司,,,,,
291628,华宝信托有限责任公司,,,,,
291628,财通基金管理有限公司,,,,,
291628,海通证券股份有限公司,,,,,
291628,金鹰基金管理有限公司,,,,,
291628,东方基金管理有限责任公司,,,,,
291628,东海基金管理有限公司,,,,,
291628,张宇,,,,,
291628,泰达宏利基金管理有限公司,,,,,
291628,华安基金管理有限公司,,,,,
291628,兴证证券资产管理有限公司,,,,,
291628,兴业全球基金管理有限公司,,,,,
291628,天弘基金管理有限公司,,,,,
291628,南京瑞森投资管理合伙企业（有限合伙）,,,,,
291628,申万菱信（上海）资产管理有限公司,,,,,
291628,宝盈基金管理有限公司,,,,,
291628,秦灏阳,,,,,
291628,民生加银基金管理有限公司,,,,,
291628,长安基金管理有限公司,,,,,
29187,吴桂昌,,7500000,120000000,,
29187,赖国传,,12500000,200000000,,
29187,栖霞建设,,10000000,160000000,,
29187,广东辉瑞投资,,25000000,400000000,,
29187,张辉,,12500000,200000000,,
29187,张春燕,,5000000,80000000,,
29187,达德厚鑫,,3125000,50000000,,
29187,安粮控股,,6250000,100000000,,
29187,华兴润福,,6250000,100000000,,
293485,鹏华资产管理（深圳）有限公司,,,,,
293485,招商财富资产管理有限公司,,,,,
293485,渤海证券股份有限公司,,,,,
293485,汇添富基金管理股份有限公司,,,,,
293485,华夏人寿保险股份有限公司,,,,,
293485,东海基金管理有限责任公司,,,,,
293485,申万菱信（上海）资产管理有限公司,,,,,
293485,财通基金管理有限公司,,,,,
293485,中信证券股份有限公司,,,,,
293485,江苏新扬子造船有限公司,,,,,
293485,易方达基金管理有限公司,,,,,
293485,兴业全球基金管理有限公司,,,,,
293485,宝盈基金管理有限公司,,,,,
293485,华泰资产管理有限公司,,,,,
300665,河北沧州东塑集团股份有限公司,,,34000172.66,,
300665,新疆中乾景隆中和股权投资合伙企业（有限合伙）,,,35774995.40,,
300665,财通基金管理有限公司,,,58399984.10,,
300665,平安资产管理有限责任公司,,,58999975.22,,
300665,第一创业证券股份有限公司,,,36524998.68,,
300665,汇添富基金管理股份有限公司,,,34999999.68,,
300665,宝盈基金管理有限公司,,,81301514.58,,
300665,汇添富基金管理股份有,,,,<rowspan>,
300665,限公司,,,,<null>,
308972,兴业全球基金管理有限公司,,,,12个月,
308972,汇添富基金管理股份有限公司,,,,12个月,
308972,招商证券股份有限公司,,,,12个月,
308972,中欧基金管理有限公司,,,,12个月,
311101,翁耀根,,6000.00,63720.00,,
311101,翁霖,,500.00,5310.00,,
311101,泽熙增煦,,1000.00,10620.00,,
311101,广发恒定18号,,300.00,3186.00,,
311622,天安财产保险股份有限公司,,,,12,
311622,申万菱信（上海）资产管理有限公司,,,,12,
311622,东海基金管理有限公司,,,,12,
311622,华夏人寿保险股份有限公司,,,,12,
311622,中再资产管理股份有限公司,,,,12,
311622,财通基金管理有限公司,,,,12,
311622,刘宏光,,,,12,
311622,渤海证券股份有限公司,,,,12,
315263,中国华电集团财务有限公司,,,99999995.04,,
315263,德邦创新资本有限责任公司,,,511199991.27,,
315263,平安资产管理有限责任公司,,,86039991.72,,
315263,深圳市融通资本财富管理有限公司,,,148980019.23,,
317506,厦门象屿集团有限公司,,,,36,
317506,财通基金管理有限公司,,,,12,
317506,申万菱信（上海）资产管理有限公司,,,,12,
317506,安信基金管理有限责任公司,,,,12,
317506,申万菱信基金管理有限公司,,,,12,
317506,前海开源基金管理有限公司,,,,12,
317562,江信基金管理有限公司,,,129999990.12,,
317562,易方达基金管理有限公司,,,65000002.60,,
317562,申银万国证券股份有限公司,,,65531994.84,,
317562,中广核财务有限责任公司,,,69965997.40,,
317562,财通基金管理有限公司,,,151099986.44,,
317562,东海基金管理有限责任公司,,,130002025.92,,
317562,发行对象,,,,限售期,
319761,财通基金管理有限公司,,,54162000.00,12,
319761,华夏资本管理有限公司,,,124372000.00,12,
319761,宝盈基金管理有限公司,,,223375993.61,12,
332167,博智投资,,,176940000,,
332167,陈哲,,,68810000,,
332167,靳发斌,,,3145600,,
339796,福建漳龙实业有限公司,,3811.25,20999.9875,36,
339796,上海证大投资管理有限公司,,1000,5510,12,
339796,兴证证券资产管理有限公司,,1100,6061,12,
339796,宝盈基金管理有限公司,,1870,10303.7,12,
339796,华宝信托有限责任公司,,1860,10248.6,12,
339796,诺安基金管理有限公司,,1248.03,6876.6453,12,
344394,乐山市国有资产经营有限公司,,,,36,
344394,天津中环电子信息集团有限公司,,,,36,
344394,天津渤海信息产业结构调整股权投资基金有限公司,,,,36,
346750,招商证券股份有限公司,,,,12个月,
346750,平安大华基金管理有限公司,,,,12个月,
346750,泰达宏利基金管理有限公司,,,,12个月,
346750,东海基金管理有限责任公司,,,,12个月,
346750,兴业全球基金管理有限公司,,,,12个月,
346750,天弘基金管理有限公司,,,,12个月,
346750,嘉实资本管理有限公司,,,,12个月,
346753,招商证券股份有限公司,,,,12个月,
346753,平安大华基金管理有限公司,,,,12个月,
346753,泰达宏利基金管理有限公司,,,,12个月,
346753,东海基金管理有限责任公司,,,,12个月,
346753,兴业全球基金管理有限公司,,,,12个月,
346753,天弘基金管理有限公司,,,,12个月,
346753,嘉实资本管理有限公司,,,,12个月,
347440,东莞中科,,,3037.50,,
347440,广东融易,,,1782,,
347440,深圳君佑,,,30000,,
347440,中航机电,,,20000,,
347440,中航产投,,,20000,,
347440,新疆协和,,,40000,,
347440,李明斌,,,5670,,
347440,令西普,,,243,,
347440,陈根龙,,,405,,
352215,华峰集团有限公司,,,91600000,36,
352215,宝盈基金管理有限公司,,,233580000,12,
352215,华安未来资产管理（上海）有限公司,,,177704000,12,
352215,工银瑞信基金管理有限公司,,,137400000,12,
352215,财通基金管理有限公司,,,111752000,12,
352215,北京世纪力宏计算机软件科技有限公司,,,93432000,12,
352215,南京瑞森投资管理合伙企业（有限合伙）,,,70532000,12,
352625,邹承慧,,,10240.00,,
352625,华能资本服务有限公司,,,10400.00,,
352625,周雪钦,,,10400.00,,
352625,国联安基金管理有限公司,,,14400.00,,
352625,兴业全球基金管理有限公司,,,13280.00,,
352625,财通基金管理有限公司,,,15840.00,,
352625,上投摩根基金管理有限公司,,,10400.00,,
352625,北京创恒鼎盛科技有限公司,,,15040.00,,
359971,上海泽熙增煦投资中心（有限合伙）,,90000000,,12个月,
359971,平安大华基金管理有限公司,,60000000,,12个月,
359971,海通证券股份有限公司,,57214000,,12个月,
359971,周海虹,,55000000,,12个月,
359971,南京瑞森投资管理合伙企业（有限合伙）,,51000000,,12个月,
359971,邱继光,,50000000,,12个月,
359971,胡跃,,50000000,,12个月,
359971,陈海忠,,50000000,,12个月,
360266,文资控股,,185185200,1200000096,,
360266,耀莱文化,,143209900,928000152,,
360266,君联嘉睿,,78765400,510399792,,
360266,姚戈,,28703800,186000624,,
360266,冯军,,39677600,257110848,,
360266,郝文彦,,34664200,224624016,,
360266,立茂投资,,35843200,232263936,,
360266,京润资本,,15432100,100000008,,
360266,安赐文创壹号,,27777800,180000144,,
360266,丰煜投资1号,,20000000,129600000,,
360266,亦庄国投,,,,,
360266,其他社会公众股,,,,,
362425,王海波,,55,,,
362425,曹志刚,,55,,,
362425,吴凯,,55,,,
362425,霍常宝,,55,,,
362425,马金儒,,55,,,
362425,刘玮,,55,,,
362425,周云志,,55,,,
362425,杨华,,40,,,
362425,海通金风 1 号集合资产管理计划,,1714,,,
362425,海通金风 2 号集合资产管理计划,,1956.30,,,
362470,西藏莱美,,不低于14194464股（含），且不超过21291696股,,,
362470,六禾世元,,不低于10645848股（含），且不超过21291696股,,,
362470,瑞森投资,,7097232股,,,
362470,郑伟光,,8871540股,,,
378700,安利投资,,,4000,,
378700,合肥工投,,,1000,,
382746,皇庭投资,,,,,
382746,皇庭金融控股,,,,,
382746,和瑞九鼎,,,,,
382746,霍孝谦,,,,,
382746,陈巧玲,,,,,
382760,生命人寿,,,135888.00,,
382760,西藏金宝藏,,,47112.28,,
382760,西藏九达,,,42384.54,,
382760,石河子无极,,,33972.00,,
382760,新疆嘉梦,,,33887.70,,
382760,西藏金桔,,,27999.99,,
382760,新疆愚公,,,5703.72,,
382760,北京北清,,,2682.00,,
382760,宁波大有,,,1788.00,,
382760,合 计,,,331418.23,,
382760,总股本,,,<null>,,
384916,李志江,,,,,
384916,罗明,,,,,
384916,郝军,,,,,
384916,杜拥军,,,,,
384916,德润共赢,,,,,
384916,唐伟,,,,,
384916,汪力军,,,,,
384916,新疆天天,,,,,
384916,博信优选,,,,,
384916,华信嘉诚,,,,,
385728,国开创新,,382775119,799999998.71,,
385728,国开精诚,,191387559,399999998.31,,
385728,国开装备,,143540669,299999998.21,,
385728,紫光通信,,478468900,1000000001.00,,
385728,中信资本（天津）,,143540669,299999998.21,,
385728,天津诚柏,,95693779,199999998.11,,
385728,惠州投控,,47846889,99999998.01,,
385728,九天联成,,408899521,854599998.89,,
385728,东兴华瑞,,452660287,946059999.83,,
385728,上银基金拟设立的资产管理计划,,382775119,799999998.71,,
386165,特华投资控股有限公司,,,,36,
386165,深圳市庆安投资有限公司,,,,36,
386165,大连饰家源有限公司,,,,36,
386165,大连祥溢投资有限公司,,,,36,
386165,合 计,,,,<null>,
386190,文资控股,,185185200,1200000096,,
386190,耀莱文化,,143209900,928000152,,
386190,君联嘉睿,,78765400,510399792,,
386190,姚戈,,28703800,186000624,,
386190,冯军,,39677600,257110848,,
386190,郝文彦,,34664200,224624016,,
386190,立茂投资,,35843200,232263936,,
386190,京润资本,,15432100,100000008,,
386190,安赐文创壹号,,27777800,180000144,,
386190,丰煜投资1号,,20000000,129600000,,
386190,亦庄国投,,,,,
386190,其他社会公众股,,,,,
388742,梁桂秋,,9307135,27000.00,36,
388742,李子樵,,8365253,24267.60,36,
388742,张成华,,3447087,10000.00,36,
388742,朱蘅,,344708,1000.00,36,
388742,太平洋资产管理有限责任公司,,3500000,10153.50,36,
388742,上海尚阳投资管理有限公司,,3447087,10000.00,36,
388742,深圳市飞晟投资管理有限公司,,1034126,3000.00,36,
388742,北京铭泰卓远投资管理有限公司,,10341261,30000.00,36,
397569,工银瑞信基金管理有限公司,,,,12,
397569,博时基金管理有限公司,,,,12,
397569,中国银河投资管理有限公司,,,,12,
397569,渤海证券股份有限公司,,,,12,
397569,华安基金管理有限公司,,,,12,
397569,太平洋资产管理有限责任公司,,,,12,
397569,西藏自治区投资有限公司,,,,12,
397569,交银施罗德基金管理有限公司,,,,12,
398751,工银瑞信基金管理有限公司,,,,12,
398751,博时基金管理有限公司,,,,12,
398751,中国银河投资管理有限公司,,,,12,
398751,渤海证券股份有限公司,,,,12,
398751,华安基金管理有限公司,,,,12,
398751,太平洋资产管理有限责任公司,,,,12,
398751,西藏自治区投资有限公司,,,,12,
398751,交银施罗德基金管理有限公司,,,,12,
405871,淄博矿业集团有限责任公司,,,,36,
405871,浙信安享（天津）投资管理中心（有限合伙）,,,,36,
405871,董建华,,,,36,
417222,上海医药（集团）有限公司,,,,36,
417222,上海上实（集团）有限公司,,,,36,
425617,中国长城资产管理公司,,,,2012年4月14日,
425617,中国华融资产管理公司,,,,2012年4月14日,
425617,山东高速集团有限公司,,,,2012年4月14日,
425617,兖矿集团有限公司,,,,2012年4月14日,
425617,山东海洋投资有限公司,,,,2012年4月14日,
425617,山东省国有资产投资控股有限公司,,,,2012年4月14日,
438557,上海复旦科技产业控股有限公司,,,,36,
438557,上海上科科技投资有限公司,,,,36,
441016,盈峰投资控股集团有限公司,,20833333,149999997.60,36,
441016,曹国路,,11944444,85999996.80,36,
441016,北京东信文金投资有限责任公司,,7638888,54999993.60,12,
441016,融通基金管理有限公司,,7156666,51527995.20,12,
441016,张杏芝,,7604166,54749995.20,12,
441016,申万菱信基金管理有限公司,,5274100,37973520.00,12,
443833,东海证券股份有限公司,,1558.0736,,12个月,
443833,东海瑞京资产管理（上海）有限公司,,5562.3229,,12个月,
443833,新筑投资集团有限公司,,1416.4305,,36个月,
444506,上银基金财富2号资产管理计划,,46000000,,,
444506,东海瑞京资产管理（上海）有限公司,,46114437,,,
444506,长信基金管理有限责任公司,,35920000,,,
444506,北京众合成长投资中心（有限合伙）,,27594627,,,
444506,财通基金管理有限公司,,241494,,,
447867,张彬贤,,,47810.00,,
447867,深圳得壹清投资企业（有限合伙）,,,16733.50,,
447867,宋锦程,,,3756.50,,
470486,钱忠良,,,,,
470486,和顺华盛,,,,,
470486,华益长丰,,,,,
470486,凯石益正,,,,,
470486,海汇亚太,,,,,
470486,得壹清,,,,,
475320,双井投资,,3000,28530,,
475320,泰达宏利,,3000,28530,,
475320,合 计,,6000,57060,,
478640,中国航空工业集团公司,,,,36个月,
478640,中航发动机控股有限公司,,,,36个月,
478640,西安航空发动机（集团）有限公司,,,,36个月,
478640,中国贵州航空工业（集团）有限责任公司,,,,36个月,
478640,贵州黎阳航空发动机（集团）有限公司,,,,36个月,
478640,中国华融资产管理股份有限公司,,,,36个月,
478640,中国东方资产管理公司,,,,12个月,
478640,北京国有资本经营管理中心,,,,12个月,
478640,宝盈基金管理有限公司,,,,12个月,
478640,建信基金管理有限责任公司,,,,12个月,
478640,渤海证券股份有限公司,,,,12个月,
478640,诺安基金管理有限公司,,,,12个月,
478640,北京东富新投投资管理中心（有限合伙）,,,,12个月,
478640,财通基金管理有限公司,,,,12个月,
478640,银华基金管理有限公司,,,,12个月,
478640,华安未来资产管理（上海）有限公司,,,,12个月,
485565,易方达基金管理有限公司,,,,发行结束之日起 12 个月,
485565,鹏华基金管理有限公司,,,,发行结束之日起 12 个月,
485565,上海申能资产管理有限公司,,,,发行结束之日起 12 个月,
485565,兴业基金管理有限公司,,,,发行结束之日起 12 个月,
491419,宜昌兴发集团有限责任公司,,,100000005.42,,
491419,易方达基金管理有限公司,,,42259984.48,,
491419,杭州丰盈电子科技有限公司,,,83319986.05,,
491419,杭州立帆塑料制品有限公司,,,41059981.34,,
491419,富国基金管理有限公司,,,45078428.08,,
491720,国机财务有限责任公司,,,,,
491720,无锡市德联投资有限公司,,,,,
491720,周银翠,,,,,
491720,方正证券有限责任公司,,,,,
491720,深圳市海丰源投资股份有限公司,,,,,
491720,蔺静,,,,,
491720,沈汉标,,,,,
491720,上海天誉投资有限公司,,,,,
491720,小计：,,,,,
4921983,天弘基金管理有限公司,,,682999985.48,,
4921983,华富基金管理有限公司,,,454899990.28,,
4921983,建信基金管理有限责任公司,,,645099990.60,,
4921983,财通基金管理有限公司,,,435299992.78,,
4921983,北京和聚投资管理有限公司,,,129720024.04,,
4923418,兴业全球基金管理有限公司,,67385444,499999994.48,,
4923418,国华人寿保险股份有限公司,,41000000,304220000.00,,
4923418,安信基金管理有限责任公司,,40431266,299999993.72,,
4923418,中信建投基金管理有限公司,,40431266,299999993.72,,
4935824,泰达宏利基金管理有限公司,,,,-,
4935824,建信基金管理有限责任公司,,,,-,
4935824,天弘基金管理有限公司,,,,-,
4935824,创金合信基金管理有限公司,,,,-,
4951079,浙江财通资本投资有限公司,,,,,
4951079,兴证证券资产管理有限公司,,,,,
4951079,鹏华基金管理有限公司,,,,,
4951079,信达澳银基金管理有限公司,,,,,
4951079,深圳尚诚壹品资产管理有限公司,,,,,
4951079,博时基金管理有限公司,,,,,
4951079,财通基金管理有限公司,,,,,
4951079,诺安基金管理有限公司,,,,,
4951079,总计,,58645096,579999999.44,-,
4952966,梁桂秋,,8521516,200000000,,
4955954,中信建投基金管理有限公司,,,299999991.24,,
4955954,深圳平安大华汇通财富管理有限公司,,,241394983.44,,
4955954,财通基金管理有限公司,,,179960662.32,,
496866,重庆润江基础设施投资有限公司,,,,,
496866,重庆市江北嘴中央商务区开发投资有限公司,,,,,
496866,重庆高速公路集团有限公司,,,,,
496866,重庆市城市建设投资公司,,,,,
496866,重庆市水利投资（集团）有限公司,,,,,
496866,北京盛联投资有限公司,,,,,
496866,上海世兆投资管理有限公司,,,,,
496866,云南省城市建设投资有限公司,,,,,
498496,发行数量,,,,,
498496,发行价格,,,,,
498496,募集资金总额,,,,,
498496,中航集团,,,1500000002.82,36,
498496,中国航空油料集团公司,,,999354000.00,12,
498496,新华人寿保险股份有限公司,,,759648000.00,12,
498496,中国人保资产管理股份有限公司,,,650317989.18,12,
498496,雅戈尔集团股份有限公司,,,579000000.00,12,
498496,国华人寿保险股份有限公司,,,555840000.00,12,
498496,国电资本控股有限公司,,,555840000.00,12,
499816,孟庆山,,,,36,
499816,胡继军,,,,12,
499816,鼎晖生物,,,,12,
499816,新天域生化,,,,12,
499816,杨维永,,,,36,
499816,王爱军,,,,36,
499816,李宝骏,,,,12,
499816,梁宇擘,,,,12,
499816,王洪山,,,,36,
499816,何君,,,,36,
499816,王加琪,,,,12,
499816,郭振群,,,,12,
499816,杨维英,,,,36,
499816,潘耀冬,,,,12,
499816,王友山,,,,12,
499816,高红臣,,,,12,
499816,刘爱萍,,,,12,
499816,常利斌,,,,12,
499816,蔡文强,,,,36,
499816,刘森芝,,,,12,
52813,上海证券有限责任公司,,,,2010年8月4日,
52813,中国银河投资管理有限公司,,,,2010年8月4日,
52813,雅戈尔投资有限公司,,,,2010年8月4日,
52813,鞍山新星投资管理咨询有限公司,,,,2010年8月4日,
52813,泰达荷银基金管理有限公司,,,,2010年8月4日,
52813,张安东,,,,2010年8月4日,
534948,长信基金管理有限责任公司,,28140000,,12 个月,
534948,财通基金管理有限公司,,2181004,,12 个月,
535474,浙江京新控股有限公司,,,102039986.50,36个月,
535474,嘉实基金管理有限公司,,,85319998.10,12个月,
535474,上海国际集团资产管理有限公司,,,77449998.90,12个月,
535474,广发基金管理有限公司,,,136079992.00,12个月,
535474,深圳市吉富启瑞投资合伙企业（有限合伙）,,,45599991.70,12个月,
535474,东吴证券股份有限公司,,,45599991.70,12个月,
535474,中国人寿资产管理有限公司,,,18110034.00,12个月,
548492,五矿投资发展有限责任公司,,,,12,
548492,太平洋资产管理有限公司,,,,13,
548492,华夏基金管理有限公司,,,,12,
548492,南京新港高科技股份有限公司,,,,12,
548492,上海电力股份有限公司,,,,12,
548492,中国中信集团公司,,,,12,
548492,上海中路(集团)有限公司,,,,12,
548492,雅戈尔集团股份有限公司,,,,12,
548492,华泰资产管理有限公司,,,,12,
548492,大成基金管理有限公司,,,,12,
548492,中国人寿资产管理有限公司,,,,12,
548492,江苏省国信资产管理集团有限公司,,,,12,
548492,平安信托投资有限责任公司,,,,12,
548492,泰康资产管理有限责任公司,,,,12,
549629,东吴证券股份有限公司,,,,12个月,
549629,嘉实资本管理有限公司,,,,12个月,
549629,财通基金管理有限公司,,,,12个月,
549629,民生加银基金管理有限公司,,,,12个月,
551328,北京首都开发控股（集团）有限公司,,55000,,36 个月,
551328,-,,55000,,36 个月,
558049,四川恒康发展有限责任公司,,,,2014年9月30日,
558049,中国高新投资集团公司,,,,2012年9月30日,
558049,天津盛熙股权投资基金合伙企业（有限合伙）,,,,2012年9月30日,
558049,方正东亚信托有限责任公司,,,,2012年9月30日,
558049,上海科祥股权投资中心（ 有限合伙）,,,,2012年9月30日,
558049,东源（天津）股权投资基金合伙企业（有限合伙）,,,,2012年9月30日,
558049,国泰基金管理有限公司,,,,2012年9月30日,
559940,好当家集团有限公司,,,,36个月,
559940,天津六禾碧云股权投资基金合伙企业（有限合伙）,,,,12个月,
559940,天津盛熙股权投资基金合伙企业（有限合伙）,,,,12个月,
559940,易方达基金管理有限公司,,,,12个月,
559940,广发证券股份有限公司,,,,12个月,
559940,中信建投证券股份有限公司,,,,12个月,
559940,博时基金管理有限公司,,,,12个月,
559940,大成基金管理有限公司,,,,12个月,
560358,浙江京新控股有限公司,,,102039986.50,36个月,
560358,嘉实基金管理有限公司,,,85319998.10,12个月,
560358,上海国际集团资产管理有限公司,,,77449998.90,12个月,
560358,广发基金管理有限公司,,,136079992.00,12个月,
560358,深圳市吉富启瑞投资合伙企业（有限合伙）,,,45599991.70,12个月,
560358,东吴证券股份有限公司,,,45599991.70,12个月,
560358,中国人寿资产管理有限公司,,,18110034.00,12个月,
560366,泰达宏利基金管理有限公司,,1351.3512,,,
560366,民生加银基金管理有限公司,,2200.0000,,,
560366,江信基金管理有限公司,,2092.7677,,,
5664588,中电科投资控股有限公司,,1602050,5000,,
5664588,航天科技财务有限责任公司,,1602050,5000,,
5664588,南方工业资产管理有限责任公司,,4806151,15000,,
5664588,中国银河投资管理有限公司,,3204101,10000,,
5664588,中华联合财产保险股份有限公司,,4806151,15000,,
5664588,合 计,,16020503,50000,,
571981,中国纺织机械（集团）有限公司,,,,,
571981,中国恒天集团有限公司,,,,,
571981,民生加银基金管理有限公司,,,,,
571981,华安基金管理有限公司,,,,,
571981,平安大华基金管理有限公司,,,,,
572840,华鑫国际信托有限公司,,19455252,199999990.56,,
572840,丽水谦心投资合伙企业,,5836576,60000001.28,,
572840,张敏,,7782101,79999998.28,,
572840,钱进,,3891051,40000004.28,,
572840,胡宏,,1945526,20000007.28,,
573846,商丘市普天工贸有限公司,,,48863.20,,
573846,商丘东方投资股份有限公司,,,29499.20,,
573846,易方达基金管理有限公司,,,19199.20,,
573846,新疆中盈投资有限公司,,,10300.00,,
573846,鸿帆控股有限公司,,,10052.80,,
573846,兴业全球基金管理有限公司,,,9970.40,,
573846,齐鲁证券有限公司,,,9888.00,,
573846,鹏华基金管理有限公司,,,8240.00,,
573846,天风证券股份有限公司,,,8240.00,,
573846,河南煤业化工集团有限责任公司,,,8240.00,,
573846,华安基金管理有限公司,,,38398.40,,
578142,中国联合水泥集团有限公司,,,,36,
578360,融捷投资,,27581000,403510030.00,,
578360,时代投资,,2700000,39501000.00,,
578360,陶  广,,719000,10518970.00,,
578360,合 计,,31000000,453530000.00,,
578360,陶广,,719000,10518970.00,,
588999,北京科聚化工新材料有限公司,,,,12,
588999,北京环球银证投资有限公司,,,,12,
588999,江苏瑞华投资发展有限公司,,,,12,
588999,上海英博企业发展有限公司,,,,12,
588999,上海证大投资管理有限公司,,,,12,
588999,浙江天堂硅谷鲲鹏创业投资有限公司,,,,12,
588999,信达澳银基金管理有限公司,,,,12,
588999,铁岭新鑫铜业有限公司,,,,12,
588999,泰康资产管理有限责任公司,,,,12,
597318,李东生,,6310,,36,
597318,李海英,,6970,,12,
597318,惠州市投资发展有限公司,,6530,,12,
597318,博时基金管理有限公司,,6000,,12,
597318,其中：全国社保基金一零八组合,,1000,,12,
597318,全国社保基金五零一组合,,3000,,12,
597318,裕隆证券投资基金,,2000,,12,
597318,中信信托有限责任公司,,3870,,12,
597318,惠州弘日投资有限公司,,3380,,12,
597318,张大中,,1000,,12,
597318,融通基金管理有限公司-融通深证100,,1000,,12,
603737,东海基金管理有限责任公司,,,,12个月,
603737,江苏汇鸿国际集团资产管理有限公司,,,,12个月,
603737,南京瑞森投资管理合伙企业（有限合伙）,,,,12个月,
603737,万家共赢资产管理有限公司,,,,12个月,
603737,中信证券股份有限公司,,,,12个月,
603737,安徽省铁路建设投资基金有限公司,,,,12个月,
603737,平安大华基金管理有限公司,,,,12个月,
603737,新华基金管理有限公司,,,,12个月,
603755,东海基金管理有限责任公司,,,,12个月,
603755,江苏汇鸿国际集团资产管理有限公司,,,,12个月,
603755,南京瑞森投资管理合伙企业（有限合伙）,,,,12个月,
603755,万家共赢资产管理有限公司,,,,12个月,
603755,中信证券股份有限公司,,,,12个月,
603755,安徽省铁路建设投资基金有限公司,,,,12个月,
603755,平安大华基金管理有限公司,,,,12个月,
603755,新华基金管理有限公司,,,,12个月,
6344143,北京城建投资发展股份有限公司,,,139999998.38,,
6344143,华商基金管理有限公司,,,188999966.90,,
6344143,天弘基金管理有限公司,,,198999964.46,,
6344143,财通基金管理有限公司,,,709999989.46,,
6344143,上海证大投资管理有限公司,,,99999975.60,,
6344143,财富证券有限责任公司,,,50499997.44,,
6344143,衡逸舟,,,11500091.56,,
6344178,精一投资,,9778845,25923.72,,
6344178,探索者创业,,9778845,25923.72,,
6344178,华贸圣佑,,9778845,25923.72,,
6344178,聚盛万合,,403017,1068.40,,
656866,民生加银基金管理有限公司,,4302.29,,12个月,
656866,长信基金管理有限责任公司,,3439.53,,12个月,
656866,英大基金管理有限公司,,2911.51,,12个月,
656866,滨州市国有资产经营有限公司,,744.19,,36个月,
656866,天津硅谷天堂盈盛股权投资基金合伙企业（有限合伙）,,230.38,,12个月,
66254,新华水利控股集团公司,,25000000,,36个月,
66254,中国水务投资有限公司,,10000000,,36个月,
66254,广东省盐业集团有限公司,,8000000,,12个月,
66254,国联安基金管理有限公司,,9000000,,12个月,
66254,杨征,,8000000,,12个月,
66254,泰达宏利基金管理有限公司,,3468634,,12个月,
677807,韶关钢铁,,,,,
708861,北京华信六合投资有限公司,,,80550.00,60个月,
708861,东海基金管理有限责任公司,,,42100.80,12个月,
708861,国华人寿保险股份有限公司,,,21480.00,12个月,
708861,民生加银基金管理有限公司,,,37590.00,12个月,
708861,大连天盛硕博科技有限公司,,,53700.00,12个月,
708861,天弘基金管理有限公司,,,35442.00,12个月,
708861,国开泰富基金管理有限责任公司,,,34802.97,12个月,
708861,云南惠君投资合伙企业（有限合伙）,,,34905.00,12个月,
708861,长信基金管理有限责任公司,,,24702.00,12个月,
708861,宁波同乐股权投资合伙企业（有限合伙）,,,10627.23,12个月,
718905,深圳市投资控股有限公司,,,300000000.08,,
718905,平安大华基金管理有限公司,,,200019499.46,,
718905,西藏瑞华投资发展有限公司,,,123059995.63,,
718905,博时基金管理有限公司,,,104473600.00,,
718905,中信证券股份有限公司,,,100000001.97,,
718905,华安基金管理有限公司,,,99999996.14,,
718905,诺安基金管理有限公司,,,63546906.72,,
718905,博时基金管理有限公司1,,,102025000.00,,
718905,平安大华基金管理有限公司2,,,100019497.49,,
718905,华安基金管理有限公司3,,,99999996.14,,
718905,诺安基金管理有限公司4,,,26235000.00,,
718905,发行对象,,,配售金额（元）,,
723745,福建旗滨集团有限公司,,,,36,
723745,东海基金管理有限公司,,,,12,
723745,兴业全球基金管理有限公司,,,,12,
723745,江苏瑞华投资控股集团有限公司,,,,12,
723745,宝盈基金管理有限公司,,,,12,
723745,宁波天堂硅谷亨达股权投资合伙企业（有限合伙）,,,,12,
723745,新活力资本投资有限公司,,,,12,
723745,华夏人寿保险股份有限公司,,,,12,
723745,安信证券股份有限公司,,,,12,
760765,华安基金管理有限公司,,,,12,
760765,福建省鞋帽进出口集团公司,,,,12,
760765,杭州必达金融服务外包有限公司,,,,12,
760765,黄白华,,,,12,
760765,神州学人集团股份有限公司,,,,12,
760765,王震宇,,,,12,
760765,南京瑞森投资管理合伙企业（有限合伙）,,,,12,
760765,张怀斌,,,,12,
784674,鹏欣集团,,158290000,1259988400.00,36,
784674,厚康实业,,157040000,1250038400.00,36,
784674,合臣化学,,125630000,1000014800.00,36,
784674,和汇实业,,42710000,339971600.00,36,
784674,晶浩信息,,42710000,339971600.00,36,
784674,兰月生物,,37690000,300012400.00,36,
784674,晶鑫科技,,25130000,200034800.00,36,
784674,刘红波,,18840000,149966400.00,36,
784674,凯威创投,,12560000,99977600.00,36,
784674,发行对象,,配售股数（股）,配售金额（元）,限售期（月）,
784674,宜众通达,,7540000,60018400.00,36,
80662,中国纸业,,,300000000.00,,
80662,颜秉伦,,,90202200.00,,
80662,黄晓军,,,90202200.00,,
80662,王建丽,,,90202200.00,,
80662,乔通,,,86900000.00,,
80662,湛江广旭源,,,43450000.00,,
80785,上银基金管理有限公司,,,,,
80785,中广核财务有限责任公司,,,,,
80785,平安资产管理有限责任公司,,,,,
813392,中信证券股份有限公司,,,,2009年5月21日,
813392,广发基金管理有限公司,,,,2009年5月21日,
813392,华夏基金管理有限公司,,,,2009年5月21日,
813392,鹏华基金管理有限公司,,,,2009年5月21日,
813392,融通基金管理有限公司,,,,2009年5月21日,
813392,工银瑞信基金管理有限公司,,,,2009年5月21日,
818999,江西水泥有限责任公司,,20044908,,36 个月,
818999,中国建材股份有限公司,,10000000,,12 个月,
818999,长江证券有限责任公司,,6364671,,12 个月,
818999,华宝信托有限责任公司,,6000000,,12 个月,
818999,杭州金贝尔投资有限公司,,6000000,,12 个月,
818999,江西省冶电能源配送有限公司,,4000000,,12 个月,
818999,江西华新实业有限公司,,3000000,,12 个月,
824336,深圳市能源集团有限公司,,7500,,12,
824336,韶关市公共资产管理中心,,4000,,36,
824336,深圳市群得利投资有限公司,,1400,,12,
824336,韶关市电力投资公司,,1000,,12,
824336,深圳市宏成实业有限公司,,200,,12,
824472,北京金融街建设集团,,4647.57,,36,
824472,中国人寿资产管理有限公司,,1500,,12,
824472,华安基金管理有限公司,,1000,,12,
824472,易方达基金管理有限公司,,900,,12,
824472,嘉实基金管理有限公司,,700,,12,
824472,广发基金管理有限公司,,700,,12,
824472,华夏基金管理有限公司,,600,,12,
824472,申银万国证券股份有限公司,,500,,12,
824472,长盛基金管理有限公司,,481,,12,
824472,富通银行,,400,,12,
83881,大成兴森 1 号,,12292292,199995590.84,36 个月,
83881,大成国能 1 号,,12292292,199995590.84,36 个月,
86140,久锐实业,,24784483,23000.00,,
86140,恩川实业,,12931034,12000.00,,
86140,高小榕,,10775862,10000.00,,
86140,高小峰,,5387931,5000.00,,
86140,岳顺红,,5387931,5000.00,,
86491,永泰控股集团有限公司,,,,2018年2月13日,
86491,西藏泰能股权投资管理有限公司,,,,2018年2月13日,
86491,山东诺德资产管理有限公司,,,,2018年2月13日,
86491,襄垣县襄银投资合伙企业（有限合伙）,,,,2018年2月13日,
86491,南京汇恒投资有限公司,,,,2018年2月13日,
8771328,杨建平,,503.0181,15000.00,,
8771328,嘉实基金,,402.4144,12000.00,,
8771328,新华基金,,268.2763,8000.00,,
8771328,金禾创投,,167.6727,5000.00,,
884607,北京盛达振兴实业有限公司,,,,,
884607,赤峰红烨投资有限公司,,,,,
884607,王彦峰,,,,,
884607,王伟,,,,,
884607,合   计,,,,,
892169,上海三湘投资控股有限公司,,329779527,,2012 年 8 月 3 日至 2015 年 8 月 2 日,
892169,黄卫枝,,151609659,,2012 年 8 月 3 日至 2015 年 8 月 2 日,
892169,深圳市和方投资有限公司,,56407066,,2012 年 8 月 3 日至 2015 年 8 月 2 日,
892169,黄 建,,8367048,,2012 年 8 月 3 日至 2015 年 8 月 2 日,
892169,许文智,,7520942,,2012 年 8 月 3 日至 2015 年 8 月 2 日,
892169,陈劲松,,2820353,,2012 年 8 月 3 日至 2015 年 8 月 2 日,
892169,李晓红,,2820353,,2012 年 8 月 3 日至 2015 年 8 月 2 日,
892169,厉农帆,,1598200,,2012 年 8 月 3 日至 2015 年 8 月 2 日,
892169,王庆华,,1706000,,2012 年 8 月 3 日至 2015 年 8 月 2 日,
892169,徐 玉,,1441513,,2012 年 8 月 3 日至 2015 年 8 月 2 日,
9025396,中钢资产管理有限责任公司,,20964360,299999991.60,,
9025396,中航祥瑞集合资产管理计划,,10667366,152650007.46,,
9025396,红土创新红人1号资产管理计划,,15373864,219999993.84,,
9025396,西藏ft南中和投资管理中心（有限合伙）,,10482180,149999995.80,,
9025396,杭州新域欣源投资合伙企业（有限合伙）,,6988120,99999.997.20,,
9025396,江阴市长江钢管有限公司,,2096436,29999999.16,,
9025396,中钢资产,,,,,
9025396,祥瑞计划,,,,,
9025396,红人计划,,,,,
9025396,ft南中和,,,,,
9025396,新域欣源,,,,,
9025396,长江钢管,,,,,
9025396,-,,,,,
9028435,国元控股,,50000000,728500000.00,,
9028435,建安集团,,140000000,2039800000.00,,
9028435,粤高速,,54907343,799999987.51,,
9028435,铁路基金,,34312657,499935412.49,,
9028435,全柴集团,,10000000,145700000.00,,
9028435,嘉华优势,,5000000,72850000.00,,
903085,天津大通投资集团有限公司,,,,12,
903085,中国华电集团财务有限公司,,,,12,
903085,中广核财务有限责任公司,,,,12,
903085,阳光资产管理股份有限公司,,,,12,
903085,博时基金管理有限公司,,,,12,
903085,中国银河投资管理有限公司,,,,12,
903085,航天科技财务有限责任公司,,,,12,
903085,上海喜仕达电子技术有限公司,,,,12,
905422,东吴基金管理有限公司,,,,12个月,
905422,华夏资本管理有限公司,,,,12个月,
905422,兴业全球基金管理有限公司,,,,12个月,
905422,鹏华基金管理有限公司,,,,12个月,
905422,嘉实基金管理有限公司,,,,12个月,
905422,南京瑞森投资管理合伙企业（有限合伙）,,,,12个月,
905422,财通基金管理有限公司,,,,12个月,
906833,鹏华基金管理有限公司,,,8041.41,12,
906833,兴业全球基金管理有限公司,,,7606.12,12,
906833,宝盈基金管理有限公司,,,6529.35,12,
906833,新华基金管理有限公司,,,10309.50,12,
906833,财通基金管理有限公司,,,8728.71,12,
906833,新疆永贞杰思股权投资合伙企业（有限合伙）,,,4582.00,12,
906833,鹏华资产管理（深圳）有限公司,,,26163.22,12,
906833,东海基金管理有限责任公司,,,15097.69,12,
909170,ft西证券股份有限公司,,2550261,102290968.71,12,
909170,易方达基金管理有限公司,,5756701,230901277.11,12,
909170,景顺长城基金管理有限公司,,4259286,170839961.46,12,
909170,江苏宗申三轮摩托车制造有限公司,,2501211,100323573.21,12,
909170,光大永明资产管理股份有限公司,,2493144,100000005.84,12,
909170,ft东高速投资控股有限公司,,3734629,149795969.19,12,
909170,平安大华基金管理有限公司,,2989805,119921078.55,12,
909170,南京瑞森投资管理合伙企业（有限合伙）,,646401,5927144.11,12,
909454,上海市糖业烟酒（集团）有限公司,,,,36,
909454,鹏华基金管理有限公司,,,,12,
909454,中国食品发酵工业研究院,,,,12,
909454,永辉超市股份有限公司,,,,12,
909454,上海扣ft投资管理中心（有限合伙）,,,,12,
909454,中国对外经济贸易信托有限公司,,,,12,
909454,太平洋资产管理有限责任公司,,,,12,
909454,发行对象,,,,限售期（月）,
913785,湖南发展投资集团有限公司,,196027546,,2012年6月15日-2015年6月14日,
95623,万家基金管理有限公司,,,,,
95623,华宝信托有限责任公司,,,,,
95623,广发基金管理有限公司,,,,,
95623,泰达宏利基金管理有限公司,,,,,
95623,常州投资集团有限公司,,,,,
95623,华安基金管理有限公司,,,,,
95623,东海基金管理有限责任公司,,,,,
95623,建信基金管理有限责任公司,,,,,
95623,招商财富资产管理有限公司,,,,,
95623,财通基金管理有限公司,,,,,
95623,泰康资产管理有限责任公司,,,,,
95623,张怀斌,,,,,
95623,申万菱信（上海）资产管理有限公司,,,,,
95623,嘉实基金管理有限公司,,,,,
95623,西藏康地恩创业投资合伙企业（有限合伙）,,,,,
95623,广发证券股份有限公司,,,,,
95623,宝盈基金管理有限公司,,,,,
95623,民生通惠资产管理有限公司,,,,,
95623,东海证券股份有限公司,,,,,
95623,青岛融实创力股权投资管理企业（有限合伙）,,,49999994.40,36,
964150,重庆市城市建设投资（集团）有限公司,,150000000,,36,
964150,重庆市江北嘴中央商务区投资集团有限公司,,150000000,,36,
964150,重庆高速公路集团有限公司,,150000000,,36,
964150,重庆市水务资产经营有限公司,,50000000,,36,
9871989,杨建平,,503.0181,15000.00,,
9871989,嘉实基金,,402.4144,12000.00,,
9871989,新华基金,,268.2763,8000.00,,
9871989,金禾创投,,167.6727,5000.00,,
9872820,鹏华资产管理（深圳）有限公司,,,,,
9872820,中信证券股份有限公司,,,,,
9872820,华安基金管理有限公司,,,,,
9872820,第一创业证券股份有限公司,,,,,
9872820,江苏新扬子造船有限公司,,,,,
9872820,财通基金管理有限公司,,,,,
9872820,合 计,,,,,
9887486,上海交大产业投资管理（集团）有限公司,,4618937,99999986.05,,
9887486,上海交大企业管理中心,,4618937,99999986.05,,
9887486,上海赛领并购投资基金合伙企业（有限合伙）,,9237875,199999993.75,,
9887486,上海诚鼎新扬子投资合伙企业（有限合伙）,,9237875,199999993.75,,
9887486,上海赛领讯达股权投资基金合伙企业（有限合伙）,,9237875,199999993.75,,
9887486,东方国际集团上海投资有限公司,,4618937,99999986.05,,
9887486,毛蔚瀛,,4618940,100000051.00,,
9898844,申万宏源证券有限公司,,,,12,
9898844,国联安基金管理有限公司,,,,12,
9898844,天弘基金管理有限公司,,,,12,
9898844,华融期货有限责任公司,,,,12,
9898844,财通基金管理有限公司,,,,12,
9898844,博时基金管理有限公司,,,,12,
9898844,华安基金管理有限公司,,,,12,
9905537,工投集团,,,,,
9905537,南天成长1号,,,,,
99271,银河天成集团有限公司,,400696800,1149999816.00,36 个月,
